-- MySQL dump 10.13  Distrib 8.0.23, for Win64 (x86_64)
--
-- Host: localhost    Database: vk
-- ------------------------------------------------------
-- Server version	8.0.23

/*!40101 SET @OLD_CHARACTER_SET_CLIENT=@@CHARACTER_SET_CLIENT */;
/*!40101 SET @OLD_CHARACTER_SET_RESULTS=@@CHARACTER_SET_RESULTS */;
/*!40101 SET @OLD_COLLATION_CONNECTION=@@COLLATION_CONNECTION */;
/*!50503 SET NAMES utf8mb4 */;
/*!40103 SET @OLD_TIME_ZONE=@@TIME_ZONE */;
/*!40103 SET TIME_ZONE='+00:00' */;
/*!40014 SET @OLD_UNIQUE_CHECKS=@@UNIQUE_CHECKS, UNIQUE_CHECKS=0 */;
/*!40014 SET @OLD_FOREIGN_KEY_CHECKS=@@FOREIGN_KEY_CHECKS, FOREIGN_KEY_CHECKS=0 */;
/*!40101 SET @OLD_SQL_MODE=@@SQL_MODE, SQL_MODE='NO_AUTO_VALUE_ON_ZERO' */;
/*!40111 SET @OLD_SQL_NOTES=@@SQL_NOTES, SQL_NOTES=0 */;

--
-- Table structure for table `communities`
--

DROP TABLE IF EXISTS `communities`;
/*!40101 SET @saved_cs_client     = @@character_set_client */;
/*!50503 SET character_set_client = utf8mb4 */;
CREATE TABLE `communities` (
  `id` int unsigned NOT NULL AUTO_INCREMENT COMMENT '╨Ш╨┤╨╡╨╜╤В╨╕╤Д╨╕╨║╨░╤В╨╛╤А ╤Б╤А╨╛╨║╨╕',
  `name` varchar(150) CHARACTER SET utf8mb4 COLLATE utf8mb4_unicode_ci NOT NULL COMMENT '╨Э╨░╨╖╨▓╨░╨╜╨╕╨╡ ╨│╤А╤Г╨┐╨┐╤Л',
  `created_at` datetime DEFAULT CURRENT_TIMESTAMP COMMENT '╨Т╤А╨╡╨╝╤П ╤Б╨╛╨╖╨┤╨░╨╜╨╕╤П ╤Б╤В╤А╨╛╨║╨╕',
  `updated_at` datetime DEFAULT CURRENT_TIMESTAMP ON UPDATE CURRENT_TIMESTAMP COMMENT '╨Т╤А╨╡╨╝╤П ╨╛╨▒╨╜╨╛╨▓╨╗╨╡╨╜╨╕╤П ╤Б╤В╤А╨╛╨║╨╕',
  PRIMARY KEY (`id`),
  UNIQUE KEY `name` (`name`)
) ENGINE=InnoDB AUTO_INCREMENT=21 DEFAULT CHARSET=utf8mb4 COLLATE=utf8mb4_unicode_ci COMMENT='╨У╤А╤Г╨┐╨┐╤Л';
/*!40101 SET character_set_client = @saved_cs_client */;

--
-- Dumping data for table `communities`
--

LOCK TABLES `communities` WRITE;
/*!40000 ALTER TABLE `communities` DISABLE KEYS */;
INSERT INTO `communities` VALUES (1,'laboriosam','2018-07-18 12:43:06','2013-09-22 09:11:12'),(2,'dicta','2016-01-24 00:19:00','2021-01-20 15:46:54'),(3,'quaerat','2018-12-16 11:51:19','2011-04-15 00:29:22'),(4,'illum','2019-09-14 05:24:50','2016-02-06 00:51:05'),(5,'eaque','2019-11-22 15:52:07','2015-05-29 11:34:28'),(6,'deserunt','2013-06-06 16:46:29','2013-05-31 14:31:24'),(7,'nam','2012-06-30 14:13:08','2017-05-10 19:48:20'),(8,'distinctio','2011-05-18 00:13:12','2014-08-02 04:02:10'),(9,'at','2019-07-26 21:56:19','2014-01-09 17:45:50'),(10,'et','2017-05-29 18:43:34','2020-04-26 02:48:54'),(11,'ut','2015-10-15 08:29:51','2012-11-30 11:34:02'),(12,'aliquam','2017-12-25 15:26:13','2019-07-02 11:17:06'),(13,'aspernatur','2014-06-03 19:31:54','2020-03-19 20:03:19'),(14,'voluptatum','2013-12-30 20:04:29','2014-05-09 04:03:21'),(15,'totam','2011-02-25 21:02:31','2019-11-03 15:38:38'),(16,'ratione','2017-02-19 01:52:49','2017-09-21 08:34:09'),(17,'quo','2016-03-28 21:24:59','2014-04-05 10:16:51'),(18,'voluptas','2018-07-03 20:04:52','2014-12-11 07:02:09'),(19,'consequatur','2016-09-09 17:09:56','2011-03-06 05:10:30'),(20,'laborum','2020-05-28 11:35:53','2014-06-16 12:18:09');
/*!40000 ALTER TABLE `communities` ENABLE KEYS */;
UNLOCK TABLES;

--
-- Table structure for table `communities_users`
--

DROP TABLE IF EXISTS `communities_users`;
/*!40101 SET @saved_cs_client     = @@character_set_client */;
/*!50503 SET character_set_client = utf8mb4 */;
CREATE TABLE `communities_users` (
  `community_id` int unsigned NOT NULL COMMENT '╨б╤Б╤Л╨╗╨║╨░ ╨╜╨░ ╨│╤А╤Г╨┐╨┐╤Г',
  `user_id` int unsigned NOT NULL COMMENT '╨б╤Б╤Л╨╗╨║╨░ ╨╜╨░ ╨┐╨╛╨╗╤М╨╖╨╛╨▓╨░╤В╨╡╨╗╤П',
  `created_at` datetime DEFAULT CURRENT_TIMESTAMP COMMENT '╨Т╤А╨╡╨╝╤П ╤Б╨╛╨╖╨┤╨░╨╜╨╕╤П ╤Б╤В╤А╨╛╨║╨╕',
  PRIMARY KEY (`community_id`,`user_id`) COMMENT '╨б╨╛╤Б╤В╨░╨▓╨╜╨╛╨╣ ╨┐╨╡╤А╨▓╨╕╤З╨╜╤Л╨╣ ╨║╨╗╤О╤З'
) ENGINE=InnoDB DEFAULT CHARSET=utf8mb4 COLLATE=utf8mb4_unicode_ci COMMENT='╨г╤З╨░╤Б╤В╨╜╨╕╨║╨╕ ╨│╤А╤Г╨┐╨┐, ╤Б╨▓╤П╨╖╤М ╨╝╨╡╨╢╨┤╤Г ╨┐╨╛╨╗╤М╨╖╨╛╨▓╨░╤В╨╡╨╗╤П╨╝╨╕ ╨╕ ╨│╤А╤Г╨┐╨┐╨░╨╝╨╕';
/*!40101 SET character_set_client = @saved_cs_client */;

--
-- Dumping data for table `communities_users`
--

LOCK TABLES `communities_users` WRITE;
/*!40000 ALTER TABLE `communities_users` DISABLE KEYS */;
INSERT INTO `communities_users` VALUES (1,13,'2014-03-23 21:21:37'),(1,77,'2011-11-02 12:26:45'),(1,87,'2013-12-28 14:41:55'),(2,19,'2012-06-30 23:31:12'),(2,44,'2011-05-18 07:35:29'),(2,46,'2018-10-12 06:38:13'),(2,63,'2015-11-30 00:23:32'),(2,65,'2011-07-14 22:40:55'),(2,80,'2013-05-05 22:32:51'),(3,23,'2015-05-21 09:57:41'),(3,42,'2014-12-13 00:37:11'),(3,63,'2020-08-24 13:24:12'),(3,75,'2016-05-18 02:49:30'),(3,84,'2020-01-03 22:29:04'),(4,4,'2017-09-29 16:12:16'),(4,11,'2018-09-08 17:21:29'),(4,71,'2017-08-03 04:48:50'),(4,95,'2016-08-01 11:52:58'),(5,20,'2017-07-25 23:40:34'),(5,39,'2014-08-16 04:17:21'),(5,46,'2017-09-05 12:12:31'),(5,63,'2014-03-07 05:30:36'),(5,68,'2018-01-23 16:12:29'),(5,77,'2013-10-09 05:43:58'),(6,34,'2011-11-02 12:11:52'),(6,44,'2017-04-04 23:40:59'),(6,45,'2015-02-11 21:02:55'),(6,82,'2019-09-15 09:01:20'),(7,9,'2018-05-04 01:42:37'),(7,69,'2016-09-08 00:41:45'),(7,70,'2016-01-07 10:26:55'),(7,85,'2011-07-01 13:13:24'),(8,69,'2012-02-21 17:25:40'),(9,4,'2014-12-26 02:24:04'),(9,14,'2012-12-10 15:34:29'),(9,23,'2017-08-19 17:39:33'),(9,27,'2019-03-17 22:14:32'),(9,40,'2020-04-12 18:12:27'),(9,41,'2015-02-03 17:54:07'),(9,60,'2019-09-06 08:37:46'),(9,84,'2012-02-20 21:29:32'),(10,17,'2012-04-18 00:57:18'),(10,30,'2020-10-17 15:53:37'),(10,49,'2016-10-31 18:02:01'),(10,53,'2014-02-18 01:56:24'),(10,61,'2015-09-15 13:00:19'),(10,91,'2012-06-30 21:42:45'),(11,4,'2012-01-18 05:34:42'),(11,15,'2015-11-28 08:04:08'),(11,39,'2019-02-24 11:57:56'),(11,46,'2013-02-25 02:18:14'),(11,74,'2013-01-01 06:06:27'),(11,76,'2019-09-07 03:51:29'),(12,20,'2013-02-15 19:48:50'),(12,28,'2020-05-06 11:39:40'),(12,36,'2017-07-23 11:32:25'),(12,80,'2018-08-25 03:23:31'),(12,87,'2017-08-24 07:58:42'),(13,9,'2012-07-28 17:04:03'),(13,69,'2019-07-09 10:21:55'),(14,27,'2011-03-03 13:28:41'),(14,46,'2015-12-23 20:44:17'),(14,61,'2012-04-11 01:00:54'),(14,64,'2013-07-28 19:54:48'),(15,3,'2020-09-20 09:30:40'),(15,6,'2012-06-01 21:49:30'),(15,17,'2015-02-21 02:18:33'),(15,28,'2017-06-03 00:12:43'),(15,65,'2019-08-14 17:36:16'),(15,71,'2015-02-20 02:24:18'),(15,80,'2017-04-15 02:22:06'),(16,21,'2016-10-29 02:43:05'),(16,36,'2014-06-29 02:14:28'),(16,67,'2019-12-03 10:11:39'),(16,98,'2014-04-14 10:50:09'),(17,4,'2020-11-20 20:18:40'),(17,45,'2018-03-09 01:26:59'),(17,84,'2012-06-06 03:53:38'),(18,14,'2020-11-04 22:55:41'),(18,39,'2019-03-17 01:33:55'),(18,63,'2014-05-10 20:49:17'),(18,70,'2016-05-25 01:42:54'),(18,79,'2019-12-27 07:42:37'),(19,6,'2016-10-13 10:45:50'),(19,15,'2018-10-29 03:02:50'),(19,19,'2013-07-01 07:52:07'),(19,26,'2011-10-14 20:29:59'),(19,53,'2017-04-14 11:43:57'),(19,72,'2020-06-10 20:39:59'),(19,83,'2014-01-23 01:58:22'),(19,86,'2019-05-17 19:50:24'),(19,91,'2012-05-25 04:47:41'),(19,95,'2020-04-22 10:16:31'),(20,31,'2013-04-25 19:53:22'),(20,42,'2011-07-11 10:45:52'),(20,53,'2014-06-05 01:29:47'),(20,64,'2017-03-04 19:24:00'),(20,81,'2021-01-15 03:11:05');
/*!40000 ALTER TABLE `communities_users` ENABLE KEYS */;
UNLOCK TABLES;

--
-- Table structure for table `friendship`
--

DROP TABLE IF EXISTS `friendship`;
/*!40101 SET @saved_cs_client     = @@character_set_client */;
/*!50503 SET character_set_client = utf8mb4 */;
CREATE TABLE `friendship` (
  `user_id` int unsigned NOT NULL COMMENT '╨б╤Б╤Л╨╗╨║╨░ ╨╜╨░ ╨╕╨╜╨╕╤Ж╨╕╨░╤В╨╛╤А╨░ ╨┤╤А╤Г╨╢╨╡╤Б╨║╨╕╤Е ╨╛╤В╨╜╨╛╤И╨╡╨╜╨╕╨╣',
  `friend_id` int unsigned NOT NULL COMMENT '╨б╤Б╤Л╨╗╨║╨░ ╨╜╨░ ╨┐╨╛╨╗╤Г╤З╨░╤В╨╡╨╗╤П ╨┐╤А╨╕╨│╨╗╨░╤И╨╡╨╜╨╕╤П ╨┤╤А╤Г╨╢╨╕╤В╤М',
  `friendship_status_id` int unsigned NOT NULL COMMENT '╨б╤Б╤Л╨╗╨║╨░ ╨╜╨░ ╤Б╤В╨░╤В╤Г╤Б (╤В╨╡╨║╤Г╤Й╨╡╨╡ ╤Б╨╛╤Б╤В╨╛╤П╨╜╨╕╨╡) ╨╛╤В╨╜╨╛╤И╨╡╨╜╨╕╨╣',
  `confirmed_at` datetime DEFAULT NULL COMMENT '╨Т╤А╨╡╨╝╤П ╨┐╨╛╨┤╤В╨▓╨╡╤А╨╢╨┤╨╡╨╜╨╕╤П ╨┐╤А╨╕╨│╨╗╨░╤И╨╡╨╜╨╕╤П',
  `created_at` datetime DEFAULT CURRENT_TIMESTAMP COMMENT '╨Т╤А╨╡╨╝╤П ╤Б╨╛╨╖╨┤╨░╨╜╨╕╤П ╤Б╤В╤А╨╛╨║╨╕',
  `updated_at` datetime DEFAULT CURRENT_TIMESTAMP ON UPDATE CURRENT_TIMESTAMP COMMENT '╨Т╤А╨╡╨╝╤П ╨╛╨▒╨╜╨╛╨▓╨╗╨╡╨╜╨╕╤П ╤Б╤В╤А╨╛╨║╨╕',
  PRIMARY KEY (`user_id`,`friend_id`) COMMENT '╨б╨╛╤Б╤В╨░╨▓╨╜╨╛╨╣ ╨┐╨╡╤А╨▓╨╕╤З╨╜╤Л╨╣ ╨║╨╗╤О╤З'
) ENGINE=InnoDB DEFAULT CHARSET=utf8mb4 COLLATE=utf8mb4_unicode_ci COMMENT='╨в╨░╨▒╨╗╨╕╤Ж╨░ ╨┤╤А╤Г╨╢╨▒╤Л';
/*!40101 SET character_set_client = @saved_cs_client */;

--
-- Dumping data for table `friendship`
--

LOCK TABLES `friendship` WRITE;
/*!40000 ALTER TABLE `friendship` DISABLE KEYS */;
INSERT INTO `friendship` VALUES (1,79,1,'2019-07-01 01:41:59','2019-02-09 12:11:03','2021-02-25 02:13:42'),(4,90,3,'2014-01-30 15:01:25','2011-03-17 22:51:31','2021-02-25 02:13:42'),(5,78,1,'2015-02-25 01:00:14','2013-11-05 13:22:02','2021-02-25 02:13:42'),(6,59,2,'2016-10-16 19:26:47','2014-01-05 04:53:49','2021-02-25 02:18:39'),(7,47,3,'2013-04-19 07:13:04','2012-09-08 05:53:28','2021-02-25 02:13:42'),(8,35,1,'2013-12-13 02:13:12','2011-11-30 10:31:43','2021-02-25 02:13:42'),(10,79,1,'2016-07-21 03:49:08','2013-12-12 16:40:12','2021-02-25 02:13:42'),(12,75,2,'2013-07-14 17:12:28','2011-08-07 07:11:38','2021-02-25 02:13:42'),(12,78,1,'2017-01-18 06:45:50','2016-03-21 09:51:00','2021-02-25 02:13:42'),(13,69,1,'2014-04-03 04:42:59','2013-02-18 16:12:47','2021-02-25 02:13:42'),(14,92,2,'2019-04-10 22:17:59','2012-04-17 04:48:06','2021-02-25 02:13:42'),(15,16,1,'2019-02-16 07:29:20','2015-06-07 08:44:21','2021-02-25 02:13:42'),(17,7,3,'2015-05-13 18:28:22','2011-03-15 18:38:14','2021-02-25 02:13:42'),(18,32,2,'2020-03-10 05:57:31','2013-03-20 06:02:58','2021-02-25 02:13:42'),(18,49,2,'2019-01-18 23:25:36','2017-05-07 12:32:47','2021-02-25 02:13:42'),(18,58,2,'2012-08-14 14:09:38','2011-07-28 18:51:48','2021-02-25 02:13:42'),(19,78,3,'2018-05-27 04:54:12','2015-01-02 01:46:06','2021-02-25 02:13:42'),(19,91,1,'2018-03-17 06:03:22','2015-06-05 07:03:03','2021-02-25 02:13:42'),(20,5,3,'2020-05-30 05:16:49','2014-04-29 02:45:53','2021-02-25 02:13:42'),(20,16,1,'2018-11-18 10:57:32','2015-09-16 09:05:03','2021-02-25 02:13:42'),(22,74,3,'2014-08-29 03:44:11','2014-08-25 07:46:31','2021-02-25 02:13:42'),(22,84,1,'2013-01-23 19:45:32','2011-05-11 11:54:52','2021-02-25 02:13:42'),(24,77,3,'2015-12-21 18:40:22','2013-04-10 21:22:03','2021-02-25 02:13:42'),(26,27,1,'2019-07-29 01:41:08','2018-08-16 16:37:27','2021-02-25 02:12:23'),(26,29,3,'2016-01-28 02:49:03','2014-02-15 10:37:29','2021-02-25 02:13:42'),(26,88,3,'2016-10-17 17:33:32','2011-11-09 08:57:58','2021-02-25 02:13:42'),(27,34,2,'2018-08-19 01:45:12','2013-10-05 07:57:38','2021-02-25 02:13:42'),(29,87,1,'2021-02-08 08:14:54','2015-06-12 00:48:17','2021-02-25 02:13:42'),(30,6,2,'2018-06-07 18:29:32','2015-04-12 17:57:44','2021-02-25 02:18:39'),(30,12,3,'2019-08-01 16:30:51','2018-12-26 18:29:55','2021-02-25 02:13:42'),(30,85,1,'2015-06-30 22:43:40','2012-06-10 17:17:17','2021-02-25 02:13:42'),(31,56,3,'2020-03-29 09:09:23','2015-12-12 07:18:40','2021-02-25 02:13:42'),(32,87,3,'2019-09-30 05:56:06','2016-04-11 19:21:14','2021-02-25 02:13:42'),(33,60,2,'2017-03-20 03:06:06','2015-05-06 03:34:33','2021-02-25 02:18:39'),(34,83,3,'2016-03-04 19:02:53','2013-07-18 17:08:30','2021-02-25 02:13:42'),(36,50,1,'2020-07-22 23:47:21','2014-10-28 23:14:16','2021-02-25 02:13:42'),(37,72,1,'2016-11-13 22:12:55','2015-11-21 23:17:31','2021-02-25 02:12:23'),(39,86,3,'2020-05-04 23:53:36','2016-04-04 22:58:04','2021-02-25 02:13:42'),(40,18,1,'2018-07-14 06:19:36','2017-09-14 09:58:23','2021-02-25 02:13:42'),(40,43,3,'2020-04-01 22:00:34','2011-08-27 06:48:53','2021-02-25 02:13:42'),(41,21,2,'2020-05-12 09:06:31','2013-12-31 00:04:22','2021-02-25 02:13:42'),(42,57,1,'2020-01-03 03:48:47','2019-05-03 23:57:40','2021-02-25 02:13:42'),(43,48,2,'2020-11-14 20:31:08','2017-12-11 08:02:15','2021-02-25 02:13:42'),(43,91,2,'2020-10-06 15:06:58','2018-04-12 05:07:55','2021-02-25 02:13:42'),(44,15,3,'2020-07-09 13:28:46','2016-02-21 05:16:45','2021-02-25 02:13:42'),(44,96,1,'2017-11-28 23:34:31','2012-04-15 03:02:08','2021-02-25 02:13:42'),(45,41,2,'2014-03-15 03:01:39','2013-12-22 01:12:03','2021-02-25 02:13:42'),(45,96,2,'2013-04-20 19:09:04','2011-09-11 08:21:15','2021-02-25 02:13:42'),(47,19,3,'2015-10-10 10:46:50','2014-10-10 17:27:55','2021-02-25 02:13:42'),(47,20,2,'2015-07-01 00:17:41','2014-04-29 21:56:47','2021-02-25 02:13:42'),(47,63,1,'2020-11-27 19:29:05','2015-03-02 23:53:11','2021-02-25 02:13:42'),(50,77,2,'2019-07-27 04:28:19','2019-01-23 05:44:14','2021-02-25 02:13:42'),(51,82,1,'2020-06-27 00:23:22','2018-01-28 02:31:30','2021-02-25 02:13:42'),(52,18,3,'2017-12-05 13:20:28','2013-12-23 23:26:45','2021-02-25 02:13:42'),(52,73,2,'2016-02-28 17:24:30','2015-05-27 15:47:44','2021-02-25 02:12:23'),(53,3,1,'2016-01-09 19:46:11','2014-09-04 00:22:40','2021-02-25 02:13:42'),(54,31,2,'2015-05-03 16:42:28','2014-04-21 19:58:52','2021-02-25 02:13:42'),(54,99,3,'2017-10-03 07:18:44','2014-01-04 16:59:54','2021-02-25 02:12:23'),(55,20,3,'2019-10-30 16:37:24','2016-12-19 17:36:48','2021-02-25 02:13:42'),(55,33,3,'2019-02-26 09:47:25','2012-09-16 01:51:48','2021-02-25 02:13:42'),(56,3,2,'2021-02-06 23:05:04','2011-08-30 09:09:20','2021-02-25 02:18:39'),(56,89,2,'2015-09-12 07:41:12','2011-11-25 15:48:06','2021-02-25 02:13:42'),(56,94,2,'2018-01-10 00:00:36','2011-12-20 11:57:09','2021-02-25 02:13:42'),(57,91,1,'2017-11-30 14:45:33','2013-06-10 19:26:15','2021-02-25 02:13:42'),(58,89,1,'2016-12-13 07:56:14','2015-08-25 23:05:22','2019-05-03 20:45:00'),(60,24,2,'2020-02-28 15:17:15','2011-10-25 21:42:41','2021-02-25 02:13:42'),(62,57,3,'2013-06-17 00:25:17','2012-05-17 21:34:04','2021-02-25 02:13:42'),(63,91,2,'2017-09-14 07:40:39','2012-02-25 18:41:47','2021-02-25 02:13:42'),(65,37,3,'2018-11-12 20:24:42','2012-07-19 06:43:29','2018-12-14 22:17:10'),(67,35,3,'2018-10-11 02:11:51','2011-09-29 20:35:52','2021-02-25 02:13:42'),(67,57,1,'2017-07-25 23:33:25','2012-03-05 17:04:54','2021-02-25 02:13:42'),(67,74,1,'2019-01-20 22:41:31','2012-05-24 12:20:22','2021-02-25 02:18:39'),(68,32,1,'2016-08-30 06:01:41','2012-04-19 01:54:24','2021-02-25 02:13:42'),(70,77,1,'2020-04-23 13:04:40','2018-08-21 12:01:33','2021-02-25 02:18:39'),(71,3,1,'2016-11-06 14:29:30','2015-01-01 01:14:50','2021-02-25 02:13:42'),(71,95,2,'2014-12-10 14:59:29','2012-07-10 18:45:02','2021-02-25 02:13:42'),(72,35,3,'2019-03-09 18:44:26','2018-12-12 11:25:48','2021-02-25 02:13:42'),(73,53,1,'2021-01-28 03:31:15','2011-04-11 19:26:40','2021-02-25 02:13:42'),(73,100,1,'2015-02-09 23:17:37','2013-02-14 13:12:23','2021-02-25 02:13:42'),(74,23,2,'2013-02-05 08:09:45','2011-06-16 15:14:59','2021-02-25 02:13:42'),(76,44,1,'2017-11-30 02:15:55','2012-02-10 16:21:33','2021-02-25 02:13:42'),(78,44,1,'2016-05-03 05:48:34','2014-04-03 21:29:20','2020-11-20 20:44:07'),(81,52,1,'2015-07-07 11:54:27','2013-06-11 15:10:07','2021-02-25 02:13:42'),(82,45,2,'2018-02-28 09:06:52','2012-10-18 14:42:30','2021-02-25 02:13:42'),(83,47,1,'2019-10-26 13:41:24','2012-07-28 07:23:57','2021-02-25 02:13:42'),(84,26,1,'2020-01-18 15:54:31','2018-06-16 09:13:59','2021-02-25 02:13:42'),(85,57,1,'2017-02-02 21:53:30','2013-11-25 02:58:50','2021-02-25 02:12:23'),(87,36,3,'2018-01-06 02:03:35','2016-04-15 23:30:43','2021-02-25 02:13:42'),(87,68,3,'2020-04-21 17:34:30','2019-09-18 23:05:14','2021-02-25 02:13:42'),(88,22,1,'2016-12-31 15:42:12','2016-12-27 02:39:41','2021-02-25 02:18:39'),(89,39,3,'2020-07-27 06:33:21','2017-12-02 01:15:52','2021-02-25 02:13:42'),(90,42,1,'2016-09-01 08:22:18','2011-06-16 20:44:10','2021-02-25 02:13:42'),(90,45,1,'2018-05-29 23:44:49','2016-03-09 23:50:22','2021-02-25 02:13:42'),(90,69,1,'2018-05-31 22:29:45','2016-02-19 19:41:01','2021-02-25 02:13:42'),(94,35,3,'2014-01-27 14:18:15','2013-06-02 21:26:02','2021-02-25 02:13:42'),(94,45,1,'2020-05-16 21:57:23','2018-02-12 12:18:24','2021-02-25 02:13:42'),(94,83,2,'2019-11-15 10:38:32','2017-02-06 22:36:06','2020-03-21 22:48:46'),(97,78,3,'2015-01-21 15:07:57','2013-11-23 05:39:08','2021-02-25 02:13:42'),(98,12,1,'2015-02-06 07:06:10','2014-08-18 21:38:13','2021-02-25 02:13:42');
/*!40000 ALTER TABLE `friendship` ENABLE KEYS */;
UNLOCK TABLES;

--
-- Table structure for table `friendship_statuses`
--

DROP TABLE IF EXISTS `friendship_statuses`;
/*!40101 SET @saved_cs_client     = @@character_set_client */;
/*!50503 SET character_set_client = utf8mb4 */;
CREATE TABLE `friendship_statuses` (
  `id` int unsigned NOT NULL AUTO_INCREMENT COMMENT '╨Ш╨┤╨╡╨╜╤В╨╕╤Д╨╕╨║╨░╤В╨╛╤А ╤Б╤В╤А╨╛╨║╨╕',
  `name` varchar(150) CHARACTER SET utf8mb4 COLLATE utf8mb4_unicode_ci NOT NULL COMMENT '╨Э╨░╨╖╨▓╨░╨╜╨╕╨╡ ╤Б╤В╨░╤В╤Г╤Б╨░',
  `created_at` datetime DEFAULT CURRENT_TIMESTAMP COMMENT '╨Т╤А╨╡╨╝╤П ╤Б╨╛╨╖╨┤╨░╨╜╨╕╤П ╤Б╤В╤А╨╛╨║╨╕',
  `updated_at` datetime DEFAULT CURRENT_TIMESTAMP ON UPDATE CURRENT_TIMESTAMP COMMENT '╨Т╤А╨╡╨╝╤П ╨╛╨▒╨╜╨╛╨▓╨╗╨╡╨╜╨╕╤П ╤Б╤В╤А╨╛╨║╨╕',
  PRIMARY KEY (`id`),
  UNIQUE KEY `name` (`name`)
) ENGINE=InnoDB AUTO_INCREMENT=4 DEFAULT CHARSET=utf8mb4 COLLATE=utf8mb4_unicode_ci COMMENT='╨б╤В╨░╤В╤Г╤Б╤Л ╨┤╤А╤Г╨╢╨▒╤Л';
/*!40101 SET character_set_client = @saved_cs_client */;

--
-- Dumping data for table `friendship_statuses`
--

LOCK TABLES `friendship_statuses` WRITE;
/*!40000 ALTER TABLE `friendship_statuses` DISABLE KEYS */;
INSERT INTO `friendship_statuses` VALUES (1,'Requested','2021-02-25 02:13:30','2021-02-25 02:13:30'),(2,'Confirmed','2021-02-25 02:13:30','2021-02-25 02:13:30'),(3,'Rejected','2021-02-25 02:13:30','2021-02-25 02:13:30');
/*!40000 ALTER TABLE `friendship_statuses` ENABLE KEYS */;
UNLOCK TABLES;

--
-- Table structure for table `media`
--

DROP TABLE IF EXISTS `media`;
/*!40101 SET @saved_cs_client     = @@character_set_client */;
/*!50503 SET character_set_client = utf8mb4 */;
CREATE TABLE `media` (
  `id` int unsigned NOT NULL AUTO_INCREMENT COMMENT '╨Ш╨┤╨╡╨╜╤В╨╕╤Д╨╕╨║╨░╤В╨╛╤А ╤Б╤В╤А╨╛╨║╨╕',
  `user_id` int unsigned NOT NULL COMMENT '╨б╤Б╤Л╨╗╨║╨░ ╨╜╨░ ╨┐╨╛╨╗╤М╨╖╨╛╨▓╨░╤В╨╡╨╗╤П, ╨║╨╛╤В╨╛╤А╤Л╨╣ ╨╖╨░╨│╤А╤Г╨╖╨╕╨╗ ╤Д╨░╨╣╨╗',
  `filename` varchar(255) CHARACTER SET utf8mb4 COLLATE utf8mb4_unicode_ci NOT NULL COMMENT '╨Я╤Г╤В╤М ╨║ ╤Д╨░╨╣╨╗╤Г',
  `size` int NOT NULL COMMENT '╨а╨░╨╖╨╝╨╡╤А ╤Д╨░╨╣╨╗╨░',
  `metadata` json DEFAULT NULL,
  `media_type_id` int unsigned NOT NULL COMMENT '╨б╤Б╤Л╨╗╨║╨░ ╨╜╨░ ╤В╨╕╨┐ ╨║╨╛╨╜╤В╨╡╨╜╤В╨░',
  `created_at` datetime DEFAULT CURRENT_TIMESTAMP COMMENT '╨Т╤А╨╡╨╝╤П ╤Б╨╛╨╖╨┤╨░╨╜╨╕╤П ╤Б╤В╤А╨╛╨║╨╕',
  `updated_at` datetime DEFAULT CURRENT_TIMESTAMP ON UPDATE CURRENT_TIMESTAMP COMMENT '╨Т╤А╨╡╨╝╤П ╨╛╨▒╨╜╨╛╨▓╨╗╨╡╨╜╨╕╤П ╤Б╤В╤А╨╛╨║╨╕',
  PRIMARY KEY (`id`),
  CONSTRAINT `media_chk_1` CHECK (json_valid(`metadata`))
) ENGINE=InnoDB AUTO_INCREMENT=101 DEFAULT CHARSET=utf8mb4 COLLATE=utf8mb4_unicode_ci COMMENT='╨Ь╨╡╨┤╨╕╨░╤Д╨░╨╣╨╗╤Л';
/*!40101 SET character_set_client = @saved_cs_client */;

--
-- Dumping data for table `media`
--

LOCK TABLES `media` WRITE;
/*!40000 ALTER TABLE `media` DISABLE KEYS */;
INSERT INTO `media` VALUES (1,56,'http://cdn365.net/vk/temp/34/dolor.avi',194152,'{\"owner\": \"Desmond Kohler\"}',4,'2020-03-17 10:03:46','2021-02-25 01:49:51'),(2,80,'http://cdn365.net/vk/temp/57/blanditiis.doc',847212,'{\"owner\": \"Walton Hamill\"}',1,'2016-01-07 12:20:01','2021-02-25 01:49:51'),(3,82,'http://cdn365.net/vk/temp/26/vel.png',643607,'{\"owner\": \"Jaida Bernhard\"}',2,'2011-04-03 18:05:03','2021-02-25 01:49:51'),(4,27,'http://cdn365.net/vk/temp/27/asperiores.png',666397,'{\"owner\": \"Irving Harris\"}',2,'2019-02-19 18:51:41','2021-02-25 01:49:51'),(5,89,'http://cdn365.net/vk/temp/71/assumenda.png',391167,'{\"owner\": \"Zena Abernathy\"}',4,'2014-12-19 20:54:32','2021-02-25 01:49:51'),(6,70,'http://cdn365.net/vk/temp/13/voluptatem.avi',946642,'{\"owner\": \"Rebeka Monahan\"}',4,'2018-04-13 05:25:12','2021-02-25 01:49:51'),(7,27,'http://cdn365.net/vk/temp/78/ullam.jpeg',549709,'{\"owner\": \"Irving Harris\"}',1,'2015-09-17 18:34:43','2021-02-25 01:49:51'),(8,65,'http://cdn365.net/vk/temp/83/ut.mpeg',898620,'{\"owner\": \"Kaelyn Cronin\"}',3,'2020-10-21 13:48:11','2021-02-25 01:49:51'),(9,5,'http://cdn365.net/vk/temp/100/voluptatem.png',833972,'{\"owner\": \"Uriah Schimmel\"}',1,'2015-10-19 08:28:01','2021-02-25 01:49:51'),(10,78,'http://cdn365.net/vk/temp/61/veniam.png',464002,'{\"owner\": \"Tremaine Anderson\"}',2,'2016-12-08 03:55:13','2021-02-25 01:49:51'),(11,28,'http://cdn365.net/vk/temp/68/est.mp3',808096,'{\"owner\": \"Gordon Brekke\"}',1,'2020-10-08 10:31:22','2021-02-25 01:49:51'),(12,70,'http://cdn365.net/vk/temp/63/nihil.png',638473,'{\"owner\": \"Rebeka Monahan\"}',3,'2013-08-13 00:48:17','2021-02-25 01:49:51'),(13,93,'http://cdn365.net/vk/temp/40/voluptatem.mpeg',758076,'{\"owner\": \"Tiana Upton\"}',4,'2018-01-05 19:59:05','2021-02-25 01:49:51'),(14,95,'http://cdn365.net/vk/temp/73/est.mpeg',864962,'{\"owner\": \"Prudence Gaylord\"}',3,'2011-06-06 01:59:04','2021-02-25 01:49:51'),(15,48,'http://cdn365.net/vk/temp/96/nemo.mp3',40581,'{\"owner\": \"Cruz Turcotte\"}',2,'2016-08-09 14:38:04','2021-02-25 01:49:51'),(16,23,'http://cdn365.net/vk/temp/22/voluptatem.png',598022,'{\"owner\": \"Delfina Jones\"}',1,'2016-07-16 14:33:32','2021-02-25 01:49:51'),(17,18,'http://cdn365.net/vk/temp/37/rerum.mpeg',858366,'{\"owner\": \"Lura Gislason\"}',1,'2021-01-13 07:22:01','2021-02-25 01:49:51'),(18,21,'http://cdn365.net/vk/temp/65/et.avi',487767,'{\"owner\": \"Annabell Paucek\"}',4,'2016-05-13 04:50:41','2021-02-25 01:49:51'),(19,40,'http://cdn365.net/vk/temp/20/adipisci.mpeg',853735,'{\"owner\": \"Syble Streich\"}',2,'2018-11-26 18:24:39','2021-02-25 01:49:51'),(20,32,'http://cdn365.net/vk/temp/46/omnis.doc',795374,'{\"owner\": \"Arielle Goldner\"}',2,'2020-05-17 17:35:26','2021-02-25 01:49:51'),(21,32,'http://cdn365.net/vk/temp/49/enim.jpeg',405668,'{\"owner\": \"Arielle Goldner\"}',1,'2018-03-18 20:55:40','2021-02-25 01:49:51'),(22,16,'http://cdn365.net/vk/temp/51/harum.doc',632218,'{\"owner\": \"Naomie Ward\"}',3,'2017-09-03 02:42:52','2021-02-25 01:49:51'),(23,21,'http://cdn365.net/vk/temp/100/ipsum.mpeg',934085,'{\"owner\": \"Annabell Paucek\"}',4,'2019-10-18 03:28:46','2021-02-25 01:49:51'),(24,29,'http://cdn365.net/vk/temp/23/inventore.mp3',763772,'{\"owner\": \"Otho Cummings\"}',1,'2011-05-22 11:24:36','2021-02-25 01:49:51'),(25,96,'http://cdn365.net/vk/temp/24/sunt.jpeg',1006605,'{\"owner\": \"Einar Jerde\"}',1,'2019-03-01 22:51:54','2021-02-25 01:49:51'),(26,66,'http://cdn365.net/vk/temp/70/et.mpeg',731710,'{\"owner\": \"Dessie Von\"}',1,'2020-11-05 19:00:01','2021-02-25 01:49:51'),(27,19,'http://cdn365.net/vk/temp/40/at.doc',628736,'{\"owner\": \"Camilla Kilback\"}',2,'2017-09-19 03:01:04','2021-02-25 01:49:51'),(28,75,'http://cdn365.net/vk/temp/31/provident.png',938550,'{\"owner\": \"Olga Borer\"}',1,'2016-10-07 22:30:08','2021-02-25 01:49:51'),(29,17,'http://cdn365.net/vk/temp/78/et.jpeg',796543,'{\"owner\": \"Ivy Prosacco\"}',3,'2015-06-19 12:28:14','2021-02-25 01:49:51'),(30,76,'http://cdn365.net/vk/temp/48/a.mp3',157064,'{\"owner\": \"Lee Kohler\"}',3,'2018-09-02 10:57:26','2021-02-25 01:49:51'),(31,99,'http://cdn365.net/vk/temp/34/possimus.avi',385695,'{\"owner\": \"Chelsie Tremblay\"}',4,'2016-06-09 00:48:48','2021-02-25 01:49:51'),(32,69,'http://cdn365.net/vk/temp/45/vitae.jpeg',447280,'{\"owner\": \"Isabelle Rogahn\"}',1,'2015-08-03 03:48:59','2021-02-25 01:49:51'),(33,100,'http://cdn365.net/vk/temp/82/sint.doc',69317,'{\"owner\": \"Ward Keebler\"}',4,'2016-07-16 14:31:15','2021-02-25 01:49:51'),(34,15,'http://cdn365.net/vk/temp/47/voluptatum.doc',994745,'{\"owner\": \"Marta Cole\"}',2,'2013-10-26 18:55:54','2021-02-25 01:49:51'),(35,36,'http://cdn365.net/vk/temp/35/ut.mpeg',755773,'{\"owner\": \"Beth Bailey\"}',2,'2012-01-27 11:59:46','2021-02-25 01:49:51'),(36,67,'http://cdn365.net/vk/temp/20/quia.avi',784632,'{\"owner\": \"Danyka Wolf\"}',3,'2011-09-03 06:54:46','2021-02-25 01:49:51'),(37,46,'http://cdn365.net/vk/temp/15/eligendi.doc',645843,'{\"owner\": \"Shanie Graham\"}',4,'2012-02-05 21:11:06','2021-02-25 01:49:51'),(38,27,'http://cdn365.net/vk/temp/31/minima.jpeg',865318,'{\"owner\": \"Irving Harris\"}',3,'2015-02-17 23:33:34','2021-02-25 01:49:51'),(39,62,'http://cdn365.net/vk/temp/97/facere.mp3',379063,'{\"owner\": \"Suzanne Bruen\"}',3,'2020-04-07 22:27:49','2021-02-25 01:49:51'),(40,91,'http://cdn365.net/vk/temp/29/sunt.png',289362,'{\"owner\": \"Frederique Weissnat\"}',3,'2017-10-02 01:37:45','2021-02-25 01:49:51'),(41,61,'http://cdn365.net/vk/temp/48/provident.doc',299620,'{\"owner\": \"Mathias Jones\"}',3,'2018-08-03 07:57:47','2021-02-25 01:49:51'),(42,80,'http://cdn365.net/vk/temp/3/ab.png',620016,'{\"owner\": \"Walton Hamill\"}',4,'2018-10-28 02:49:01','2021-02-25 01:49:51'),(43,92,'http://cdn365.net/vk/temp/6/eum.mpeg',191222,'{\"owner\": \"Hope Bogan\"}',3,'2020-01-19 01:14:40','2021-02-25 01:49:51'),(44,91,'http://cdn365.net/vk/temp/11/ad.jpeg',86060,'{\"owner\": \"Frederique Weissnat\"}',1,'2020-03-15 10:37:48','2021-02-25 01:49:51'),(45,24,'http://cdn365.net/vk/temp/75/ut.avi',846635,'{\"owner\": \"Lavinia Beer\"}',3,'2016-01-19 05:30:31','2021-02-25 01:49:51'),(46,72,'http://cdn365.net/vk/temp/84/qui.doc',964998,'{\"owner\": \"Mervin Krajcik\"}',1,'2019-05-03 02:36:12','2021-02-25 01:49:51'),(47,64,'http://cdn365.net/vk/temp/48/sit.mp3',275082,'{\"owner\": \"Verdie Ebert\"}',2,'2016-12-17 08:59:09','2021-02-25 01:49:51'),(48,38,'http://cdn365.net/vk/temp/90/itaque.png',470418,'{\"owner\": \"Adalberto Casper\"}',3,'2015-10-19 11:01:05','2021-02-25 01:49:51'),(49,29,'http://cdn365.net/vk/temp/49/ipsum.mp3',516845,'{\"owner\": \"Otho Cummings\"}',3,'2016-02-05 16:07:10','2021-02-25 01:49:51'),(50,2,'http://cdn365.net/vk/temp/68/et.mpeg',162970,'{\"owner\": \"Emily Collins\"}',3,'2012-05-05 16:03:47','2021-02-25 01:49:51'),(51,97,'http://cdn365.net/vk/temp/67/rerum.avi',254314,'{\"owner\": \"Tomasa Fay\"}',3,'2013-12-08 05:44:49','2021-02-25 01:49:51'),(52,33,'http://cdn365.net/vk/temp/94/vel.mpeg',772664,'{\"owner\": \"Jeanne Lemke\"}',2,'2012-06-18 10:07:16','2021-02-25 01:49:51'),(53,50,'http://cdn365.net/vk/temp/91/quam.avi',90375,'{\"owner\": \"Cleta Sauer\"}',3,'2017-08-22 05:19:58','2021-02-25 01:49:51'),(54,9,'http://cdn365.net/vk/temp/39/praesentium.png',123886,'{\"owner\": \"Darren Mueller\"}',1,'2019-07-11 08:35:10','2021-02-25 01:49:51'),(55,13,'http://cdn365.net/vk/temp/3/quas.avi',338304,'{\"owner\": \"Javonte Morar\"}',4,'2011-09-30 19:24:09','2021-02-25 01:49:51'),(56,69,'http://cdn365.net/vk/temp/19/incidunt.jpeg',309862,'{\"owner\": \"Isabelle Rogahn\"}',3,'2014-08-12 10:03:19','2021-02-25 01:49:51'),(57,55,'http://cdn365.net/vk/temp/46/veritatis.png',524398,'{\"owner\": \"Jaylan Wolff\"}',2,'2020-01-16 19:03:57','2021-02-25 01:49:51'),(58,54,'http://cdn365.net/vk/temp/38/iusto.jpeg',682407,'{\"owner\": \"Aylin Spencer\"}',2,'2015-09-23 15:17:51','2021-02-25 01:49:51'),(59,3,'http://cdn365.net/vk/temp/64/quos.mpeg',828840,'{\"owner\": \"Gussie Macejkovic\"}',2,'2017-03-02 22:41:49','2021-02-25 01:49:51'),(60,54,'http://cdn365.net/vk/temp/88/quos.doc',86980,'{\"owner\": \"Aylin Spencer\"}',2,'2012-09-15 08:38:21','2021-02-25 01:49:51'),(61,11,'http://cdn365.net/vk/temp/13/nam.png',938379,'{\"owner\": \"Tyrell Herman\"}',2,'2016-02-03 07:33:06','2021-02-25 01:49:51'),(62,49,'http://cdn365.net/vk/temp/37/enim.mpeg',420957,'{\"owner\": \"Ozella Waelchi\"}',3,'2020-07-05 20:09:28','2021-02-25 01:49:51'),(63,66,'http://cdn365.net/vk/temp/60/doloremque.doc',279649,'{\"owner\": \"Dessie Von\"}',4,'2013-04-24 14:40:49','2021-02-25 01:49:51'),(64,38,'http://cdn365.net/vk/temp/63/repudiandae.mp3',125376,'{\"owner\": \"Adalberto Casper\"}',4,'2018-10-09 21:42:43','2021-02-25 01:49:51'),(65,39,'http://cdn365.net/vk/temp/55/sed.png',777932,'{\"owner\": \"Christelle O\'Reilly\"}',2,'2013-07-07 09:23:57','2021-02-25 01:49:51'),(66,59,'http://cdn365.net/vk/temp/21/quis.png',503533,'{\"owner\": \"Jazmyne Dibbert\"}',2,'2018-06-29 21:26:12','2021-02-25 01:49:51'),(67,8,'http://cdn365.net/vk/temp/47/vitae.mp3',173871,'{\"owner\": \"Kattie Franecki\"}',4,'2016-06-09 03:15:11','2021-02-25 01:49:51'),(68,78,'http://cdn365.net/vk/temp/87/in.png',348753,'{\"owner\": \"Tremaine Anderson\"}',3,'2020-02-03 21:03:56','2021-02-25 01:49:51'),(69,49,'http://cdn365.net/vk/temp/67/consequatur.png',212156,'{\"owner\": \"Ozella Waelchi\"}',4,'2019-01-20 18:33:26','2021-02-25 01:49:51'),(70,69,'http://cdn365.net/vk/temp/25/id.doc',1004519,'{\"owner\": \"Isabelle Rogahn\"}',3,'2015-02-01 22:44:33','2021-02-25 01:49:51'),(71,84,'http://cdn365.net/vk/temp/73/perferendis.mpeg',376130,'{\"owner\": \"Adrien Kshlerin\"}',2,'2015-05-30 19:03:14','2021-02-25 01:49:51'),(72,36,'http://cdn365.net/vk/temp/72/qui.jpeg',857093,'{\"owner\": \"Beth Bailey\"}',2,'2020-04-03 17:43:53','2021-02-25 01:49:51'),(73,85,'http://cdn365.net/vk/temp/3/illum.jpeg',147076,'{\"owner\": \"Catalina Will\"}',4,'2012-06-06 15:05:11','2021-02-25 01:49:51'),(74,85,'http://cdn365.net/vk/temp/61/qui.doc',154099,'{\"owner\": \"Catalina Will\"}',4,'2015-10-18 18:46:38','2021-02-25 01:49:51'),(75,34,'http://cdn365.net/vk/temp/51/sunt.avi',319268,'{\"owner\": \"Madeline Schuppe\"}',2,'2012-10-15 10:18:30','2021-02-25 01:49:51'),(76,15,'http://cdn365.net/vk/temp/38/magnam.doc',124044,'{\"owner\": \"Marta Cole\"}',2,'2014-01-21 09:51:42','2021-02-25 01:49:51'),(77,63,'http://cdn365.net/vk/temp/62/ea.avi',652418,'{\"owner\": \"Vanessa Kemmer\"}',3,'2018-04-14 22:24:24','2021-02-25 01:49:51'),(78,19,'http://cdn365.net/vk/temp/4/rerum.jpeg',879957,'{\"owner\": \"Camilla Kilback\"}',2,'2012-10-15 21:48:45','2021-02-25 01:49:51'),(79,50,'http://cdn365.net/vk/temp/96/iusto.mpeg',432530,'{\"owner\": \"Cleta Sauer\"}',3,'2016-01-15 07:52:38','2021-02-25 01:49:51'),(80,22,'http://cdn365.net/vk/temp/29/qui.avi',512782,'{\"owner\": \"Raleigh Emmerich\"}',4,'2020-11-17 06:02:31','2021-02-25 01:49:51'),(81,97,'http://cdn365.net/vk/temp/80/eaque.mp3',256320,'{\"owner\": \"Tomasa Fay\"}',4,'2014-08-27 13:00:14','2021-02-25 01:49:51'),(82,24,'http://cdn365.net/vk/temp/40/nulla.mpeg',733255,'{\"owner\": \"Lavinia Beer\"}',1,'2020-04-07 04:50:32','2021-02-25 01:49:51'),(83,71,'http://cdn365.net/vk/temp/61/facere.mpeg',887315,'{\"owner\": \"Princess Borer\"}',1,'2012-02-25 20:30:10','2021-02-25 01:49:51'),(84,62,'http://cdn365.net/vk/temp/37/doloremque.jpeg',226811,'{\"owner\": \"Suzanne Bruen\"}',1,'2014-08-30 11:22:06','2021-02-25 01:49:51'),(85,86,'http://cdn365.net/vk/temp/87/voluptas.png',462109,'{\"owner\": \"Green Bednar\"}',2,'2020-06-11 09:18:05','2021-02-25 01:49:51'),(86,81,'http://cdn365.net/vk/temp/51/eaque.avi',620114,'{\"owner\": \"Petra Bailey\"}',3,'2012-12-24 14:49:47','2021-02-25 01:49:51'),(87,67,'http://cdn365.net/vk/temp/19/voluptatem.png',704242,'{\"owner\": \"Danyka Wolf\"}',1,'2018-11-22 14:51:50','2021-02-25 01:49:51'),(88,9,'http://cdn365.net/vk/temp/3/sapiente.jpeg',650868,'{\"owner\": \"Darren Mueller\"}',3,'2016-09-19 15:03:07','2021-02-25 01:49:51'),(89,5,'http://cdn365.net/vk/temp/93/deserunt.mpeg',131615,'{\"owner\": \"Uriah Schimmel\"}',4,'2020-11-08 00:36:27','2021-02-25 01:49:51'),(90,39,'http://cdn365.net/vk/temp/98/impedit.mpeg',695474,'{\"owner\": \"Christelle O\'Reilly\"}',2,'2017-10-29 12:20:15','2021-02-25 01:49:51'),(91,30,'http://cdn365.net/vk/temp/51/architecto.doc',72522,'{\"owner\": \"Dayton Hegmann\"}',3,'2018-12-14 14:28:35','2021-02-25 01:49:51'),(92,83,'http://cdn365.net/vk/temp/25/ut.jpeg',266190,'{\"owner\": \"Carey Vandervort\"}',4,'2012-08-16 20:57:48','2021-02-25 01:49:51'),(93,17,'http://cdn365.net/vk/temp/35/eos.png',103383,'{\"owner\": \"Ivy Prosacco\"}',1,'2018-10-19 03:15:51','2021-02-25 01:49:51'),(94,20,'http://cdn365.net/vk/temp/46/temporibus.avi',708348,'{\"owner\": \"Delbert Emard\"}',3,'2013-07-28 13:39:45','2021-02-25 01:49:51'),(95,58,'http://cdn365.net/vk/temp/33/quasi.jpeg',221590,'{\"owner\": \"Demetris Turcotte\"}',2,'2016-03-31 19:15:57','2021-02-25 01:49:51'),(96,55,'http://cdn365.net/vk/temp/51/unde.mpeg',972908,'{\"owner\": \"Jaylan Wolff\"}',3,'2013-10-22 09:24:46','2021-02-25 01:49:51'),(97,22,'http://cdn365.net/vk/temp/61/qui.jpeg',189771,'{\"owner\": \"Raleigh Emmerich\"}',4,'2011-10-30 07:26:50','2021-02-25 01:49:51'),(98,59,'http://cdn365.net/vk/temp/87/porro.jpeg',20132,'{\"owner\": \"Jazmyne Dibbert\"}',4,'2017-01-23 12:56:17','2021-02-25 01:49:51'),(99,79,'http://cdn365.net/vk/temp/25/esse.avi',521345,'{\"owner\": \"Tito Ruecker\"}',1,'2018-08-30 11:19:15','2021-02-25 01:49:51'),(100,12,'http://cdn365.net/vk/temp/23/sit.doc',536333,'{\"owner\": \"Jimmie Metz\"}',3,'2012-05-08 18:04:28','2021-02-25 01:49:51');
/*!40000 ALTER TABLE `media` ENABLE KEYS */;
UNLOCK TABLES;

--
-- Table structure for table `media_types`
--

DROP TABLE IF EXISTS `media_types`;
/*!40101 SET @saved_cs_client     = @@character_set_client */;
/*!50503 SET character_set_client = utf8mb4 */;
CREATE TABLE `media_types` (
  `id` int unsigned NOT NULL AUTO_INCREMENT COMMENT '╨Ш╨┤╨╡╨╜╤В╨╕╤Д╨╕╨║╨░╤В╨╛╤А ╤Б╤В╤А╨╛╨║╨╕',
  `name` varchar(255) CHARACTER SET utf8mb4 COLLATE utf8mb4_unicode_ci NOT NULL COMMENT '╨Э╨░╨╖╨▓╨░╨╜╨╕╨╡ ╤В╨╕╨┐╨░',
  `created_at` datetime DEFAULT CURRENT_TIMESTAMP COMMENT '╨Т╤А╨╡╨╝╤П ╤Б╨╛╨╖╨┤╨░╨╜╨╕╤П ╤Б╤В╤А╨╛╨║╨╕',
  `updated_at` datetime DEFAULT CURRENT_TIMESTAMP ON UPDATE CURRENT_TIMESTAMP COMMENT '╨Т╤А╨╡╨╝╤П ╨╛╨▒╨╜╨╛╨▓╨╗╨╡╨╜╨╕╤П ╤Б╤В╤А╨╛╨║╨╕',
  PRIMARY KEY (`id`),
  UNIQUE KEY `name` (`name`)
) ENGINE=InnoDB AUTO_INCREMENT=5 DEFAULT CHARSET=utf8mb4 COLLATE=utf8mb4_unicode_ci COMMENT='╨в╨╕╨┐╤Л ╨╝╨╡╨┤╨╕╨░╤Д╨░╨╣╨╗╨╛╨▓';
/*!40101 SET character_set_client = @saved_cs_client */;

--
-- Dumping data for table `media_types`
--

LOCK TABLES `media_types` WRITE;
/*!40000 ALTER TABLE `media_types` DISABLE KEYS */;
INSERT INTO `media_types` VALUES (1,'image','2013-07-20 04:22:39','2021-02-12 09:53:21'),(2,'document','2011-04-09 11:10:32','2016-11-28 03:58:55'),(3,'music','2018-10-26 14:42:10','2015-09-13 05:29:33'),(4,'video','2017-03-28 19:14:07','2019-02-07 11:01:19');
/*!40000 ALTER TABLE `media_types` ENABLE KEYS */;
UNLOCK TABLES;

--
-- Table structure for table `messages`
--

DROP TABLE IF EXISTS `messages`;
/*!40101 SET @saved_cs_client     = @@character_set_client */;
/*!50503 SET character_set_client = utf8mb4 */;
CREATE TABLE `messages` (
  `id` int unsigned NOT NULL AUTO_INCREMENT COMMENT '╨Ш╨┤╨╡╨╜╤В╨╕╤Д╨╕╨║╨░╤В╨╛╤А ╤Б╤В╤А╨╛╨║╨╕',
  `from_user_id` int unsigned NOT NULL COMMENT '╨б╤Б╤Л╨╗╨║╨░ ╨╜╨░ ╨╛╤В╨┐╤А╨░╨▓╨╕╤В╨╡╨╗╤П ╤Б╨╛╨╛╨▒╤Й╨╡╨╜╨╕╤П',
  `to_user_id` int unsigned NOT NULL COMMENT '╨б╤Б╤Л╨╗╨║╨░ ╨╜╨░ ╨┐╨╛╨╗╤Г╤З╨░╤В╨╡╨╗╤П ╤Б╨╛╨╛╨▒╤Й╨╡╨╜╨╕╤П',
  `body` text CHARACTER SET utf8mb4 COLLATE utf8mb4_unicode_ci NOT NULL COMMENT '╨в╨╡╨║╤Б╤В ╤Б╨╛╨╛╨▒╤Й╨╡╨╜╨╕╤П',
  `is_important` tinyint(1) DEFAULT NULL COMMENT '╨Я╤А╨╕╨╖╨╜╨░╨║ ╨▓╨░╨╢╨╜╨╛╤Б╤В╨╕',
  `is_delivered` tinyint(1) DEFAULT NULL COMMENT '╨Я╤А╨╕╨╖╨╜╨░╨║ ╨┤╨╛╤Б╤В╨░╨▓╨║╨╕',
  `created_at` datetime DEFAULT CURRENT_TIMESTAMP COMMENT '╨Т╤А╨╡╨╝╤П ╤Б╨╛╨╖╨┤╨░╨╜╨╕╤П ╤Б╤В╤А╨╛╨║╨╕',
  PRIMARY KEY (`id`)
) ENGINE=InnoDB AUTO_INCREMENT=101 DEFAULT CHARSET=utf8mb4 COLLATE=utf8mb4_unicode_ci COMMENT='╨б╨╛╨╛╨▒╤Й╨╡╨╜╨╕╤П';
/*!40101 SET character_set_client = @saved_cs_client */;

--
-- Dumping data for table `messages`
--

LOCK TABLES `messages` WRITE;
/*!40000 ALTER TABLE `messages` DISABLE KEYS */;
INSERT INTO `messages` VALUES (1,76,57,'Debitis deleniti cumque laborum cupiditate. Aut cum et et et voluptas. Fuga est sed voluptatem consequuntur vel enim. Dolore dolorem inventore aut et laboriosam ut vel a.',0,0,'2018-03-17 22:16:02'),(2,47,69,'Laboriosam tempora aut qui in minima. Nihil minima eveniet in voluptatem omnis ut. Quis voluptas impedit quos tempora. Blanditiis tempora repellat sed nulla.',1,1,'2016-07-29 02:54:54'),(3,20,95,'Qui architecto et ut provident ipsa minima. Quod sapiente sed iste aut. Amet magnam consequuntur omnis voluptate cum voluptatem. Quae minima et qui sit quis praesentium.',0,0,'2015-04-27 02:51:34'),(4,8,59,'Dolore commodi occaecati eius saepe id eligendi. Atque natus nostrum ab iure cupiditate accusantium cum. Velit natus veritatis omnis voluptas. Atque minima similique molestias ratione accusamus. Nam possimus iste voluptatem minima.',0,1,'2013-08-16 07:28:53'),(5,53,66,'Et incidunt dolores quia alias fuga cupiditate accusamus. Ipsa quibusdam quia provident qui dolore et. Aut occaecati et enim est ipsa. Qui repellendus facere esse rerum quo at.',1,0,'2014-09-13 10:50:52'),(6,97,84,'Est soluta et corrupti at vel qui laborum. Labore suscipit omnis enim sint sunt. Voluptate et voluptas necessitatibus nulla est quo. Doloremque minus tempora delectus rerum consequuntur soluta earum ea.',0,0,'2018-04-10 21:21:21'),(7,39,90,'Suscipit at cumque corrupti voluptatem iste sit. Veritatis mollitia repellat et consequuntur hic et.',0,0,'2019-07-10 10:04:03'),(8,16,30,'Dolores et tempora natus impedit iste dicta nulla. In aut quis nemo in repudiandae. Tempore voluptatibus omnis aut sequi expedita pariatur dolorum.',1,1,'2018-09-09 14:55:53'),(9,70,32,'Nulla ut nesciunt laborum earum hic ut eius. Ratione et rerum aut exercitationem omnis laboriosam. Suscipit quia illo dolorem recusandae voluptas possimus quae. Autem magnam eius at corporis ad architecto rerum. Rerum sed non sunt minus tempore necessitatibus.',0,1,'2017-12-25 08:10:06'),(10,73,95,'Aut praesentium aliquam quidem occaecati quia alias suscipit necessitatibus. Minus amet recusandae porro praesentium quisquam eum. Voluptatem accusamus facilis est quia voluptates qui.',0,0,'2020-07-13 17:22:44'),(11,67,99,'Deleniti dolorum quidem sed corporis optio facilis. Repellendus recusandae sit facilis delectus voluptatum sint. Sit suscipit ut qui cumque nulla omnis. Et cum distinctio aspernatur ratione neque cumque qui.',1,1,'2019-01-29 20:21:26'),(12,69,63,'Qui sit voluptas voluptatem sint illum natus corporis. Libero delectus suscipit excepturi et qui exercitationem. Deserunt error quae enim consequatur cupiditate illum harum.',0,1,'2012-12-18 04:45:23'),(13,80,4,'Voluptatem quibusdam eum sed molestiae quae quasi. Aliquam sapiente dolores voluptatibus dolores dolor.',0,1,'2011-08-09 13:53:39'),(14,100,63,'Et alias temporibus rerum deserunt et tenetur atque. Voluptate eum harum similique officiis et numquam. At exercitationem ut eveniet labore totam autem tempora. Asperiores est sunt vel est debitis temporibus.',0,1,'2012-05-05 10:54:40'),(15,10,35,'Tempora vitae aliquam voluptas numquam officia aut nihil alias. Eum error corrupti at molestiae debitis in. Saepe in voluptates velit qui molestiae porro error.',1,0,'2020-04-09 19:23:01'),(16,97,86,'Mollitia temporibus eos earum et autem ut repudiandae. Repellendus qui quos aut et et iste. Enim reprehenderit et ut autem. Quia adipisci alias qui sunt.',1,0,'2018-12-29 17:33:49'),(17,92,43,'Eum est et praesentium quia. Dolorem autem dolor eos tempore. Repudiandae cum et tenetur temporibus eum. Atque et animi consequatur.',0,1,'2013-01-06 18:37:25'),(18,55,12,'Sed debitis rerum et consequatur veritatis. Temporibus nulla ipsa beatae dicta. Ut non pariatur rem est qui facere possimus. Porro aut qui autem harum commodi et non.',0,1,'2017-12-03 15:20:31'),(19,38,62,'Voluptatem doloremque pariatur nam. Id rerum id alias. Quia non eum labore unde quam veniam. Consectetur earum sed officiis.',0,0,'2019-08-08 02:14:20'),(20,71,91,'Earum aperiam dolore velit amet. Amet deserunt similique odit est aut voluptatem. Quidem nihil et temporibus neque et quod eligendi. Vero aut at dolorum dolor ipsum et.',0,0,'2015-01-03 03:56:15'),(21,28,68,'Non ipsam minima quis error voluptas quidem qui. Suscipit impedit ut nulla reiciendis neque vel. Reprehenderit accusantium dolor voluptas voluptate. Harum accusantium eum voluptas distinctio velit.',0,0,'2011-05-19 03:42:24'),(22,74,67,'Est eligendi libero quae vel. Qui voluptas modi velit a. Quo fugiat ut quas occaecati quidem.',1,1,'2012-12-26 20:23:49'),(23,58,89,'A dignissimos quia sint aperiam quis. Quasi rerum est sequi a. Nam dolorum dignissimos ullam et architecto sed nulla. Quidem praesentium molestiae occaecati eum amet corporis.',1,0,'2017-12-05 21:19:12'),(24,96,27,'Sit ipsam et suscipit illum deleniti fuga voluptatem. Nesciunt in reprehenderit expedita dicta aliquid in. Sapiente doloremque eius porro et sit libero libero. Repellendus quis rerum cupiditate sed corrupti.',0,0,'2014-12-15 20:53:49'),(25,21,68,'Quaerat occaecati quod autem quia eaque provident asperiores. Ea est nobis ut consequatur. Amet assumenda fugiat expedita sit consectetur. Dolores est aliquam possimus incidunt deleniti.',0,0,'2012-09-07 21:29:13'),(26,21,87,'Sunt similique et dolorem rerum. Optio rerum dolor quia doloribus. Incidunt ullam velit rem eos incidunt qui.',1,1,'2017-05-18 08:43:34'),(27,67,89,'Sunt ipsa rerum rem quia voluptatem laudantium natus. Dolorem nihil alias perferendis aliquid a quia. Autem quisquam perferendis a recusandae ut debitis. Consequatur nulla perferendis blanditiis enim.',0,0,'2015-04-21 20:40:44'),(28,49,46,'Aliquid inventore omnis sint rem qui vel. Officia aut omnis quasi nam minima. Omnis ut numquam pariatur sint possimus blanditiis.',0,1,'2020-02-01 10:42:33'),(29,92,49,'Consequatur quae rerum quidem dignissimos ex dolores. Incidunt voluptatem quae quam asperiores quo. Optio tenetur repellat libero deserunt magni. Libero consequatur doloremque in et quibusdam. Qui nulla enim minus quaerat.',0,1,'2014-02-17 23:32:56'),(30,9,2,'Repellendus veniam dignissimos adipisci totam distinctio unde placeat repellendus. Laborum consequatur et aut eaque ab. Mollitia debitis unde error rerum ad.',0,0,'2016-07-12 11:01:05'),(31,84,5,'Libero totam qui dolore placeat ullam aut. Minima eum laudantium itaque in enim. Iusto ex voluptatibus enim quis consequatur fugit est.',0,1,'2013-05-21 19:29:26'),(32,88,76,'Dolorem expedita qui voluptas eum. Odio voluptatem qui sit repellat deleniti. Repellendus accusamus sed itaque placeat hic aperiam harum. Eligendi ducimus sint ut harum.',0,1,'2020-12-18 23:57:26'),(33,48,42,'Ea eum ut commodi esse laudantium quo asperiores. Consequatur voluptas aliquid repellat id. Temporibus ut iusto quibusdam ullam. Totam incidunt rerum consequatur rerum.',1,0,'2016-04-11 23:54:15'),(34,87,85,'Minus repellat non occaecati dolorum eum repellat laborum. Rem sunt sit qui et amet. Consequatur necessitatibus et facilis occaecati eveniet non. Cum id unde non harum exercitationem.',0,1,'2014-09-26 07:20:53'),(35,4,57,'Minus porro eaque non deleniti nesciunt. Est dolorum neque nemo aut eius.',1,1,'2013-12-30 22:14:46'),(36,76,31,'Enim nostrum velit repudiandae nostrum laudantium. Eum in consequuntur consequuntur aut ratione unde. Voluptatum qui qui dolor vel iusto. Dolor molestiae voluptas esse qui vel hic voluptatem quas. Voluptas optio quas neque nemo voluptatem aut.',1,0,'2017-02-22 01:24:10'),(37,24,49,'Labore placeat rerum in tempora laborum amet asperiores. Rerum quia fuga est iusto voluptate tempora. Et ipsum accusamus distinctio aut inventore et voluptas.',0,0,'2015-02-11 22:36:27'),(38,97,81,'Ipsam rerum dolor non dolorem aut voluptatem esse. Voluptatem aut a qui unde nihil iusto aut tempora. Ipsa rerum animi vel quia enim et. Ducimus aliquam quis aut reprehenderit dolores est accusantium.',0,1,'2017-03-29 08:30:27'),(39,38,92,'Distinctio soluta ut voluptatum fugiat nesciunt maxime. Libero cumque laboriosam porro fugiat eos. Est optio cupiditate similique quas. Quia aut itaque nisi ratione nostrum. Sint aut aut recusandae.',0,1,'2011-12-22 10:28:48'),(40,8,58,'Eligendi in cupiditate iure quam illum dolorem unde ut. Aspernatur voluptas deserunt molestiae architecto suscipit nemo laudantium. Voluptatem amet delectus earum sit sint dolor ducimus. Rerum assumenda voluptatem quasi cumque.',0,0,'2014-03-26 08:29:58'),(41,60,28,'Laborum nisi molestias fugit aut quos ipsum ratione. Itaque distinctio et iusto aliquid corrupti. Doloribus aspernatur ipsa rerum reiciendis ut nihil accusamus et. Similique laboriosam aut autem exercitationem.',1,1,'2012-10-10 15:53:53'),(42,45,26,'Maiores est et quo. Aut omnis quia est et a pariatur. Consequatur aut molestiae nam eum recusandae aut iusto. Nihil provident nihil vero incidunt iusto similique.',1,1,'2021-01-05 04:15:00'),(43,17,94,'Minus aut consectetur quidem iure id nemo. Eligendi odit minima consectetur quis sint vero. Possimus vitae autem ipsam voluptatibus. Vero sed adipisci quasi et quidem ad eveniet.',1,0,'2017-01-03 05:41:03'),(44,72,8,'Dolores assumenda autem inventore impedit quasi. Atque aut nam voluptatibus modi quia impedit qui. Et est ea numquam ea non.',0,0,'2017-12-08 17:52:53'),(45,42,80,'Repellat suscipit dolores facere ut alias porro eaque. Est aut itaque et aut neque animi. Reprehenderit deleniti deleniti nobis quo natus ea est non.',0,0,'2014-11-12 11:34:30'),(46,10,26,'Sint explicabo ut explicabo eum occaecati dolore. Voluptas deleniti aut culpa qui eum totam odio. Minima modi blanditiis cumque sit tenetur aut officiis qui.',0,1,'2013-01-19 15:54:15'),(47,84,97,'Saepe omnis modi aspernatur magni eveniet. Voluptatum consequatur nihil est quo.',1,0,'2017-12-28 13:01:59'),(48,1,31,'Possimus doloribus expedita cumque recusandae. Fugit autem molestias illo aut eos impedit. Temporibus fuga consectetur eligendi vel iure. Qui enim cumque sequi sint minima expedita.',0,1,'2015-03-03 13:23:54'),(49,39,88,'Corrupti optio consequatur in voluptatem qui provident. Maiores atque aut in beatae vero et ut. Quia sit ad eaque est ea nemo. Sunt nobis adipisci laborum. Voluptatem repudiandae repellendus dolores molestias nihil rerum.',0,1,'2012-04-07 20:37:21'),(50,16,42,'Vel deleniti aut sit nulla deleniti fugit voluptatem. At at explicabo magni quis dicta aut. Sit magnam minima eos quae voluptatem.',1,1,'2018-08-23 09:14:12'),(51,44,92,'Veritatis illum consequuntur necessitatibus cupiditate. Numquam vel molestiae mollitia ut porro. Totam animi voluptatibus libero facilis impedit. Dolore quo nostrum ab architecto.',0,1,'2012-09-04 16:29:53'),(52,73,68,'Consequatur accusantium harum molestias totam iure mollitia sed ut. Accusamus consequatur ab nostrum dicta debitis. Quisquam voluptatum nobis quasi. Ullam dolore non quidem in et.',0,1,'2016-08-05 21:20:05'),(53,40,70,'Aut et dolorem ut ratione dolorem. Voluptatem earum esse tenetur ea quisquam.',0,1,'2021-02-02 21:22:49'),(54,49,78,'Quo quod possimus tempora quidem aut voluptatum. Ut atque veritatis doloremque laboriosam. Quod expedita maiores sed repudiandae quam blanditiis. Soluta quas accusantium exercitationem alias ipsa aut numquam possimus. Reiciendis dolorem qui laudantium beatae velit saepe.',0,1,'2019-07-31 05:30:54'),(55,61,56,'Odio in non voluptatem recusandae minus. Et nobis tenetur eaque nemo cum. Architecto porro qui nihil totam.',1,1,'2011-09-13 19:13:53'),(56,36,21,'Quos recusandae ab id consectetur libero tempore. Laborum consequatur id non quasi. Quam tempora nihil esse odio enim et deserunt ab. Earum dolorum reprehenderit dignissimos nulla.',0,0,'2011-12-23 11:29:31'),(57,84,80,'Est quis dolor nisi. Dolores omnis quod vero consequatur. Nobis officia consequatur et quas aliquid.',1,1,'2016-10-18 20:00:37'),(58,47,100,'Odit quibusdam doloremque iure minus sit velit repudiandae. Nemo autem necessitatibus totam nulla earum dolor cumque. Deserunt laboriosam amet aut autem.',0,0,'2017-04-25 15:13:26'),(59,73,19,'Id atque dolorum exercitationem odit. Qui ducimus at omnis fugiat magni qui ut. Sit perferendis doloribus non nulla eaque. Ab nihil dolores minus ut esse.',0,0,'2012-02-08 05:39:20'),(60,8,14,'Deserunt nulla in aliquid libero. Similique ea voluptatem nesciunt enim est. Quia unde voluptates officia.',0,1,'2012-04-13 09:44:40'),(61,99,18,'Aut harum harum nulla et facilis accusantium. Aut sint natus error eius omnis ex. Laborum totam et corporis ipsum hic.',0,1,'2012-09-07 17:31:25'),(62,40,82,'Tempora et facilis qui voluptas natus. Quaerat dolores voluptas ut facere vel facere nobis. Adipisci commodi ea et laboriosam. Cumque doloremque incidunt ipsam ullam amet ut libero.',1,0,'2020-09-12 05:08:45'),(63,14,40,'Et aut odio veritatis ipsam tenetur est. Et labore maiores non voluptatem ea reprehenderit quia. Debitis quis aut porro.',0,0,'2020-07-30 21:59:32'),(64,13,53,'Ratione doloremque tempore et et quod incidunt ipsa reiciendis. Aut quibusdam dignissimos delectus. Doloribus quae distinctio vitae omnis earum necessitatibus. Rerum dolorem nisi doloribus soluta dignissimos inventore.',0,1,'2019-04-26 23:03:02'),(65,27,29,'Sed consequatur sed rerum fuga. Et assumenda impedit voluptates placeat illum et. Ab non ut ut omnis officia. Id enim ipsa non amet quis nihil omnis.',1,0,'2018-07-29 22:00:25'),(66,94,71,'Magni in voluptatibus laudantium et molestias. Qui et dolor eum.',0,0,'2013-07-14 20:45:46'),(67,20,66,'Modi doloribus ipsa distinctio atque maiores aut eaque. Minima placeat et iusto deleniti neque. Deleniti asperiores doloribus exercitationem. Ut et laborum illo ex asperiores voluptatem voluptas quasi.',1,0,'2020-01-06 03:33:39'),(68,39,60,'Natus magnam quo autem ipsam aspernatur. Reiciendis itaque quo itaque maiores ea sapiente.',0,0,'2014-08-26 03:15:10'),(69,35,87,'Recusandae numquam est rem quas inventore. At sed deserunt et delectus quos maiores. Vel sed et totam. Ipsum omnis alias eaque eum impedit. At explicabo veniam qui similique corrupti ut et maxime.',0,1,'2012-12-10 15:13:03'),(70,38,96,'Veritatis omnis qui voluptates quae. Non quo explicabo velit molestias sint. Nam aut consequatur dolores animi aperiam exercitationem omnis. Praesentium veritatis et consequatur laboriosam voluptas ut excepturi.',0,0,'2018-03-05 01:46:26'),(71,43,73,'Delectus labore esse harum distinctio illum ducimus quaerat. Inventore ratione fuga nisi sit consequatur. Possimus consectetur soluta veritatis.',1,1,'2019-05-17 06:56:33'),(72,17,27,'Officiis occaecati quis nihil a quia et officiis. Cum cum perferendis molestias cumque saepe aut. Inventore cupiditate totam numquam autem maxime quo vitae.',0,0,'2016-12-08 23:02:05'),(73,52,64,'Fugit voluptates magnam vero et. Dolor consectetur rem libero corporis placeat itaque. Id enim quo quo dolor explicabo.',0,1,'2015-05-03 06:57:00'),(74,26,24,'Aspernatur exercitationem corrupti consequuntur dolores quisquam nam. Suscipit voluptatibus nihil deserunt. Laudantium doloribus alias laborum. Quo odio dicta a quasi sit.',0,1,'2014-07-24 20:17:20'),(75,82,34,'Culpa occaecati maxime velit qui perspiciatis. Odio perferendis et ipsa dolores similique repellendus.',0,0,'2018-08-08 10:02:33'),(76,38,80,'Voluptas in saepe facere. Et aliquam voluptas fugit cum ullam sint officiis. Ab praesentium asperiores et et quos ea. Aut omnis ut blanditiis asperiores omnis tempore.',0,1,'2018-06-23 00:34:21'),(77,51,77,'Quaerat repellat ipsum et expedita. Ut atque delectus sit. Ut esse fugit magni ea autem repellendus sapiente.',1,1,'2019-01-30 10:45:54'),(78,62,65,'Repellendus dignissimos qui ipsa aut nostrum esse. Maxime ipsa et corrupti commodi. Neque vitae reiciendis est. Ullam et ipsa sint ipsum exercitationem ut quo.',0,1,'2018-08-24 22:09:41'),(79,17,75,'Culpa quod voluptas voluptatem consectetur. Et amet voluptatibus unde ea ipsum excepturi. Aspernatur modi id rem reprehenderit.',0,0,'2014-04-18 02:30:04'),(80,17,44,'Aut vel voluptates voluptas ut sit iusto odio. Voluptatum cupiditate amet dicta omnis. Commodi et maiores distinctio dolor nobis esse. Modi doloremque et id modi placeat eveniet et.',1,1,'2015-10-31 05:24:42'),(81,4,10,'Necessitatibus perspiciatis officiis ut aut quia incidunt at. Officia excepturi ipsa velit. Dolorem magnam explicabo ex magni tempore.',0,0,'2016-07-25 10:06:43'),(82,15,24,'Culpa ullam ut voluptatum ut est id cumque culpa. Natus non rerum aut qui. Ut voluptatem ad dolorem facere itaque autem tenetur.',1,0,'2018-10-19 06:53:53'),(83,76,53,'Facilis porro et et recusandae in numquam tempore quia. Magnam dolorem quas incidunt rerum doloremque assumenda cumque.',0,0,'2013-02-18 10:34:13'),(84,84,11,'Voluptas ea ducimus aliquam temporibus ut. Repellat velit sunt et perferendis qui amet qui. Alias ipsum sunt sunt. Et qui voluptates aut in et porro.',0,1,'2013-01-12 17:06:33'),(85,40,21,'Tempora non iste atque animi necessitatibus. Reiciendis unde aspernatur tempora quae dolor ullam dolores. Quaerat doloribus fugiat ex vitae magnam quidem nesciunt.',1,1,'2012-04-27 19:03:23'),(86,7,83,'Voluptate omnis velit optio voluptatibus autem provident nulla. Porro omnis necessitatibus repellat maiores quia.',1,0,'2012-06-12 16:58:47'),(87,93,24,'Consequuntur in atque aliquid quis inventore aut. Quae repudiandae aut ullam a voluptatem qui. Soluta labore eligendi ut qui est. Corporis beatae rem repudiandae voluptas ea placeat earum.',0,0,'2016-03-25 05:33:43'),(88,9,44,'Et quod fugiat blanditiis. Odit consectetur neque velit quis. Eos vel praesentium aut sint et autem sit. Est quis in iure velit in. Eos autem et deleniti nihil nam officia.',0,0,'2016-07-02 07:07:47'),(89,87,35,'Voluptas molestiae omnis earum sit quia nisi voluptas. Eum labore corporis nesciunt sint ipsum quibusdam voluptas. Molestias itaque quis enim fuga quia error necessitatibus.',0,1,'2014-07-18 13:43:10'),(90,68,69,'Ducimus in qui omnis ducimus consequatur amet. Qui accusantium esse et et vel non. Omnis facilis excepturi minus natus. Quisquam laboriosam ut sunt at.',1,0,'2018-07-28 23:15:03'),(91,68,6,'Et numquam qui enim facere iusto recusandae. Iusto autem saepe voluptatem exercitationem ab minus. Laborum autem tenetur veniam quisquam quos expedita.',0,0,'2015-11-20 06:31:39'),(92,48,18,'Quia excepturi corrupti quasi nihil. Et neque sunt earum vel. Fugit vero soluta quos qui quia a. Iste officiis praesentium dolor accusamus beatae.',1,0,'2012-10-19 00:49:46'),(93,83,10,'Est possimus ad rerum enim omnis. Aut sed quos sapiente distinctio quibusdam itaque doloribus. Dolores non magnam non hic vero et. Debitis quibusdam et in et facilis est. Ipsam et deserunt fuga veniam dolore.',0,1,'2014-10-20 01:19:41'),(94,82,99,'Ea tempora voluptatibus maxime sit. Ipsum voluptatum quia excepturi itaque explicabo quisquam. Ut odio omnis labore eaque minus neque dolorem. Ducimus non rerum sint aliquid itaque omnis eveniet.',0,0,'2014-11-19 03:54:17'),(95,85,99,'Consequatur illo at eveniet quibusdam omnis neque itaque voluptatem. Laudantium temporibus modi saepe consequuntur asperiores autem. Qui magnam et cum neque consequatur quis.',1,0,'2017-10-31 13:22:29'),(96,43,88,'Est expedita quos inventore sed aperiam quo qui. Totam neque quae dicta necessitatibus minus expedita autem. Dolor aperiam aut possimus ut. Pariatur voluptas deleniti quidem voluptatibus.',0,0,'2017-08-25 01:55:22'),(97,8,58,'Velit sint sapiente atque. Eius cumque ea in corporis. Illo omnis ut quisquam nostrum possimus.',0,0,'2011-11-24 14:08:28'),(98,11,84,'Ad error sunt libero dolores odio commodi. Ut consequatur molestiae tempora facere iste et sit. Quos delectus et doloremque et magnam error sunt.',0,1,'2018-12-14 04:02:27'),(99,10,95,'Illo sunt non exercitationem beatae consectetur ducimus modi id. Sit dolor repellendus repellat eos velit ipsum voluptatem.',0,0,'2016-06-21 23:16:36'),(100,95,50,'Nulla vero saepe est aut provident. In fugit minus nobis consequuntur adipisci aut. Corrupti eum illum blanditiis velit nesciunt expedita voluptatibus. Voluptatum a veritatis quidem aliquam earum deleniti.',1,1,'2013-06-20 03:21:45');
/*!40000 ALTER TABLE `messages` ENABLE KEYS */;
UNLOCK TABLES;

--
-- Table structure for table `profiles`
--

DROP TABLE IF EXISTS `profiles`;
/*!40101 SET @saved_cs_client     = @@character_set_client */;
/*!50503 SET character_set_client = utf8mb4 */;
CREATE TABLE `profiles` (
  `user_id` int unsigned NOT NULL COMMENT '╨б╤Б╤Л╨╗╨║╨░ ╨╜╨░ ╨┐╨╛╨╗╤М╨╖╨╛╨▓╨░╤В╨╡╨╗╤П',
  `gender` char(1) CHARACTER SET utf8mb4 COLLATE utf8mb4_unicode_ci NOT NULL COMMENT '╨Я╨╛╨╗',
  `birthday` date DEFAULT NULL COMMENT '╨Ф╨░╤В╨░ ╤А╨╛╨╢╨┤╨╡╨╜╨╕╤П',
  `city` varchar(130) CHARACTER SET utf8mb4 COLLATE utf8mb4_unicode_ci DEFAULT NULL COMMENT '╨У╨╛╤А╨╛╨┤ ╨┐╤А╨╛╨╢╨╕╨▓╨░╨╜╨╕╤П',
  `country` varchar(130) CHARACTER SET utf8mb4 COLLATE utf8mb4_unicode_ci DEFAULT NULL COMMENT '╨б╤В╤А╨░╨╜╨░ ╨┐╤А╨╛╨╢╨╕╨▓╨░╨╜╨╕╤П',
  `last_login` datetime DEFAULT NULL COMMENT '╨Я╨╛╤Б╨╗╨╡╨┤╨╜╨╕╨╣ ╨▓╤Е╨╛╨┤ ╨▓ ╤Б╨╕╤Б╤В╨╡╨╝╤Г',
  `created_at` datetime DEFAULT CURRENT_TIMESTAMP COMMENT '╨Т╤А╨╡╨╝╤П ╤Б╨╛╨╖╨┤╨░╨╜╨╕╤П ╤Б╤В╤А╨╛╨║╨╕',
  `updated_at` datetime DEFAULT CURRENT_TIMESTAMP ON UPDATE CURRENT_TIMESTAMP COMMENT '╨Т╤А╨╡╨╝╤П ╨╛╨▒╨╜╨╛╨▓╨╗╨╡╨╜╨╕╤П ╤Б╤В╤А╨╛╨║╨╕',
  PRIMARY KEY (`user_id`)
) ENGINE=InnoDB DEFAULT CHARSET=utf8mb4 COLLATE=utf8mb4_unicode_ci COMMENT='╨Я╤А╨╛╤Д╨╕╨╗╨╕';
/*!40101 SET character_set_client = @saved_cs_client */;

--
-- Dumping data for table `profiles`
--

LOCK TABLES `profiles` WRITE;
/*!40000 ALTER TABLE `profiles` DISABLE KEYS */;
INSERT INTO `profiles` VALUES (1,'F','1997-09-07','Port Eldonville','Costa Rica','2019-07-01 01:30:17','2015-03-18 04:25:02','2021-02-25 01:34:42'),(2,'F','1971-06-29','Antoninachester','Turks and Caicos Islands','2014-10-03 01:46:51','2012-07-07 06:09:57','2021-02-25 01:34:42'),(3,'F','2000-01-09','West Erik','Kyrgyz Republic','2014-10-15 22:25:59','2011-03-21 04:02:48','2021-02-25 01:34:42'),(4,'M','1996-05-20','Port Sincerebury','Afghanistan','2018-08-28 23:01:39','2017-08-12 17:49:51','2021-02-25 01:34:42'),(5,'F','1985-02-28','Santosbury','Barbados','2019-07-13 04:41:41','2014-11-17 14:32:33','2021-02-25 01:34:42'),(6,'M','1971-06-25','Kihnbury','United States Virgin Islands','2014-08-11 20:05:24','2013-05-17 21:45:23','2021-02-25 01:34:42'),(7,'F','2002-09-09','South Aiden','Colombia','2014-05-09 19:54:18','2013-04-02 07:53:37','2021-02-25 01:34:42'),(8,'F','1995-05-02','South Mathewland','Bahrain','2020-09-16 12:14:46','2016-07-29 20:15:25','2021-02-25 01:34:42'),(9,'M','1987-11-30','North Zackaryhaven','Reunion','2015-12-08 06:20:03','2014-11-05 01:16:33','2021-02-25 01:34:42'),(10,'F','1985-02-17','Cruickshankfurt','Svalbard & Jan Mayen Islands','2019-08-17 04:53:15','2018-10-08 14:28:29','2021-02-25 01:34:42'),(11,'F','1975-08-27','New Duaneside','Angola','2016-11-01 12:50:20','2016-03-25 17:19:12','2021-02-25 01:34:42'),(12,'F','1982-10-15','South Marisolview','Norway','2013-06-23 02:52:06','2012-02-13 23:26:51','2021-02-25 01:34:42'),(13,'F','2001-12-15','Saraimouth','Svalbard & Jan Mayen Islands','2021-02-12 15:27:48','2014-11-26 14:44:56','2021-02-25 01:34:42'),(14,'M','1980-04-01','Saigemouth','Fiji','2013-11-20 02:18:06','2012-06-12 03:40:50','2021-02-25 01:34:42'),(15,'F','1998-01-31','Lonmouth','Suriname','2017-01-04 13:57:43','2011-09-26 10:20:13','2021-02-25 01:34:42'),(16,'M','1990-06-06','Lake Macie','Turkmenistan','2020-06-15 18:51:44','2017-07-01 13:20:38','2021-02-25 01:34:42'),(17,'M','1992-07-25','Port Jereltown','Monaco','2016-04-29 21:29:54','2011-06-23 02:28:25','2021-02-25 01:34:42'),(18,'M','1984-12-29','Zemlakside','Benin','2020-11-18 01:43:55','2011-08-06 08:32:13','2021-02-25 01:34:42'),(19,'F','2003-09-16','Kielhaven','Congo','2019-07-28 00:31:38','2017-10-29 06:25:21','2021-02-25 01:34:42'),(20,'M','2002-08-23','Cummerataborough','Cocos (Keeling) Islands','2021-01-01 07:21:19','2013-06-04 05:51:22','2021-02-25 01:34:42'),(21,'M','1976-11-13','Tyrachester','Heard Island and McDonald Islands','2016-07-09 10:56:11','2016-02-24 18:07:48','2021-02-25 01:34:42'),(22,'F','1979-10-16','Zackstad','United States of America','2019-07-09 21:52:07','2014-04-16 19:50:18','2021-02-25 01:34:42'),(23,'F','2008-04-04','West Rylanfurt','Iceland','2018-10-18 13:16:36','2015-08-23 22:19:42','2021-02-25 01:34:42'),(24,'F','1979-08-25','West Conorberg','Grenada','2017-04-10 17:30:31','2011-05-18 20:53:25','2021-02-25 01:34:42'),(25,'F','1999-06-09','Keyshawnbury','China','2014-07-06 06:56:50','2012-03-16 22:05:54','2021-02-25 01:34:42'),(26,'F','1997-05-29','Nealmouth','Cocos (Keeling) Islands','2020-05-16 06:26:44','2015-08-08 14:39:48','2021-02-25 01:34:42'),(27,'F','1981-09-12','East Milliefurt','Bhutan','2018-07-02 04:02:45','2017-05-19 13:45:23','2021-02-25 01:34:42'),(28,'M','2004-08-15','Blandaburgh','Latvia','2019-09-09 13:10:26','2015-09-06 22:05:29','2021-02-25 01:34:42'),(29,'M','1991-09-12','South Beryl','Vanuatu','2019-06-22 21:04:07','2015-09-22 08:15:15','2021-02-25 01:34:42'),(30,'M','1981-09-10','D\'Amorebury','Turkey','2020-11-05 19:50:57','2013-07-03 04:26:54','2021-02-25 01:34:42'),(31,'F','2007-07-17','South Laisha','Panama','2018-12-26 15:56:05','2012-04-12 00:23:29','2021-02-25 01:34:42'),(32,'F','1998-03-17','Koeppmouth','Andorra','2015-05-11 12:22:49','2014-05-02 18:39:14','2021-02-25 01:34:42'),(33,'M','1979-04-25','West Emerald','Palestinian Territory','2020-10-10 18:18:13','2012-10-07 17:43:30','2021-02-25 01:34:42'),(34,'M','2000-03-21','New Eve','Ecuador','2014-08-23 00:02:24','2013-02-24 00:01:09','2021-02-25 01:34:42'),(35,'M','1978-08-26','Langworthport','Syrian Arab Republic','2014-09-11 18:51:18','2012-04-18 02:38:35','2021-02-25 01:34:42'),(36,'F','1985-08-20','East Delaney','Colombia','2016-10-11 19:48:34','2014-01-01 12:04:42','2021-02-25 01:34:42'),(37,'F','1991-07-30','Port Myraburgh','Slovenia','2021-02-03 17:28:30','2015-05-21 21:28:03','2021-02-25 01:34:42'),(38,'F','1993-08-17','Thadville','Peru','2017-04-17 02:28:42','2017-01-12 07:50:12','2021-02-25 01:34:42'),(39,'F','1981-03-18','North Donniestad','Switzerland','2018-01-27 03:21:25','2015-08-05 01:49:39','2021-02-25 01:34:42'),(40,'F','1973-11-27','Tillmanbury','Pakistan','2014-10-22 00:54:51','2011-04-23 10:28:26','2021-02-25 01:34:42'),(41,'F','1986-09-28','Aufderharstad','Kazakhstan','2020-03-17 07:14:03','2018-03-08 10:20:41','2021-02-25 01:34:42'),(42,'M','2007-07-19','Deshaunmouth','Guinea-Bissau','2019-10-17 06:46:25','2012-08-04 23:26:22','2021-02-25 01:34:42'),(43,'M','2004-06-08','Lake Tracehaven','Sri Lanka','2020-11-23 14:59:09','2020-02-24 20:18:45','2021-02-25 01:34:42'),(44,'M','1978-06-01','Sageburgh','Niue','2013-10-23 02:01:55','2012-05-18 18:29:51','2021-02-25 01:34:42'),(45,'M','1996-07-17','East Flo','Mayotte','2015-06-19 17:37:28','2011-10-07 05:10:36','2021-02-25 01:34:42'),(46,'M','2004-11-07','Theashire','Andorra','2016-01-09 12:46:41','2012-07-29 01:39:02','2021-02-25 01:34:42'),(47,'M','1991-06-19','Schinnermouth','Eritrea','2015-04-25 01:48:57','2013-06-10 23:18:25','2021-02-25 01:34:42'),(48,'M','1983-11-05','West Margarita','Togo','2020-11-02 06:59:04','2017-04-25 23:17:10','2021-02-25 01:34:42'),(49,'F','1987-06-05','Ignatiushaven','Bouvet Island (Bouvetoya)','2014-07-20 12:14:30','2012-11-25 13:31:39','2021-02-25 01:34:42'),(50,'F','1999-01-19','South Oliver','China','2015-11-28 19:19:21','2014-08-01 17:12:11','2021-02-25 01:34:42'),(51,'F','1985-08-02','West Corene','Mali','2016-02-16 19:15:21','2011-02-19 00:08:40','2021-02-25 01:34:42'),(52,'M','1994-02-17','New Joaquin','Myanmar','2020-07-13 11:02:50','2018-12-14 05:41:37','2021-02-25 01:34:42'),(53,'F','1982-12-08','Magnusbury','Papua New Guinea','2013-04-15 15:51:14','2011-08-25 10:38:07','2021-02-25 01:34:42'),(54,'M','1990-05-14','Boganland','Heard Island and McDonald Islands','2019-12-04 12:54:58','2014-09-25 09:26:37','2021-02-25 01:34:42'),(55,'F','2006-04-03','Lake Lelahberg','Trinidad and Tobago','2020-03-02 12:44:46','2011-03-18 02:42:58','2021-02-25 01:34:42'),(56,'F','1981-06-06','Mannmouth','Nicaragua','2018-01-05 10:19:34','2015-11-03 17:43:36','2021-02-25 01:34:42'),(57,'M','1978-12-23','North Delores','Turkmenistan','2013-11-25 20:37:58','2011-07-02 12:30:32','2021-02-25 01:34:42'),(58,'M','1968-12-30','Jeradstad','American Samoa','2016-10-10 07:30:13','2011-11-14 10:17:24','2021-02-25 01:34:42'),(59,'M','1978-01-21','Lake Anastasiamouth','Taiwan','2018-12-27 02:33:23','2014-12-17 18:31:54','2021-02-25 01:34:42'),(60,'M','1987-03-09','South Lilianashire','Greece','2020-02-26 17:38:54','2017-04-15 15:07:01','2021-02-25 01:34:42'),(61,'M','1983-01-26','South Larry','Nicaragua','2015-07-20 04:10:52','2014-12-20 06:38:00','2021-02-25 01:34:42'),(62,'M','2002-02-06','Claudiefort','Guernsey','2019-10-27 02:07:10','2019-01-24 16:40:05','2021-02-25 01:34:42'),(63,'M','2003-04-29','Champlinport','Fiji','2018-11-14 05:51:06','2018-03-27 03:25:24','2021-02-25 01:34:42'),(64,'M','2000-12-14','Mayertfurt','Gibraltar','2019-07-09 12:08:27','2015-07-21 11:30:42','2021-02-25 01:34:42'),(65,'F','2003-07-07','Brakusberg','Poland','2019-09-20 11:06:41','2019-03-29 11:39:27','2021-02-25 01:34:42'),(66,'F','1993-12-02','Port Darrylberg','Chile','2021-01-25 11:32:39','2018-09-22 15:53:06','2021-02-25 01:34:42'),(67,'F','2006-10-21','North Susan','Saint Kitts and Nevis','2018-01-01 10:49:01','2013-08-28 19:34:33','2021-02-25 01:34:42'),(68,'F','1989-09-04','East Bradley','Aruba','2020-02-17 18:31:03','2018-02-19 16:30:08','2021-02-25 01:34:42'),(69,'F','1969-12-30','Lake Percivalfort','Denmark','2018-09-26 10:39:07','2012-09-02 06:07:05','2021-02-25 01:34:42'),(70,'F','2001-04-22','Reeceview','Angola','2015-04-06 22:26:37','2014-11-04 23:38:44','2021-02-25 01:34:42'),(71,'M','1983-08-12','East Bethany','Switzerland','2016-12-25 13:21:00','2011-10-03 10:09:22','2021-02-25 01:34:42'),(72,'F','1988-11-23','Maverickstad','Chad','2013-07-21 18:51:33','2013-04-22 01:48:22','2021-02-25 01:34:42'),(73,'M','1993-01-12','Rosieville','Bolivia','2020-05-13 23:26:29','2013-03-31 17:09:41','2021-02-25 01:34:42'),(74,'F','1999-09-13','Bednarbury','Macedonia','2020-04-15 07:23:00','2012-08-15 11:57:34','2021-02-25 01:34:42'),(75,'M','2003-10-17','New Cesarberg','Cote d\'Ivoire','2017-11-23 05:38:35','2014-08-28 15:10:47','2021-02-25 01:34:42'),(76,'M','1996-02-17','Rhodatown','Mauritius','2018-05-25 15:07:20','2011-04-29 11:23:02','2021-02-25 01:34:42'),(77,'M','1978-02-02','South Brionnafurt','Burundi','2016-04-29 05:04:13','2011-04-23 13:26:52','2021-02-25 01:34:42'),(78,'F','2006-10-03','Violetton','Micronesia','2018-08-17 13:34:43','2016-05-29 02:57:19','2021-02-25 01:34:42'),(79,'F','1998-10-30','Malliehaven','Micronesia','2014-03-20 14:28:35','2012-05-10 05:25:57','2021-02-25 01:34:42'),(80,'M','1989-10-12','South Daytontown','Turkey','2020-12-21 01:16:10','2016-12-31 21:40:51','2021-02-25 01:34:42'),(81,'M','1982-09-27','Lake Jordan','Cote d\'Ivoire','2016-09-10 09:42:22','2011-11-22 19:20:17','2021-02-25 01:34:42'),(82,'F','1987-03-05','Port Agnes','Ecuador','2020-07-23 03:46:36','2014-11-11 19:01:30','2021-02-25 01:34:42'),(83,'M','1992-09-19','North Lisettefurt','New Caledonia','2014-09-05 21:21:59','2013-12-20 12:39:14','2021-02-25 01:34:42'),(84,'F','1984-09-08','Klingmouth','Libyan Arab Jamahiriya','2017-04-04 08:41:37','2017-03-27 23:49:55','2021-02-25 01:34:42'),(85,'F','1994-12-18','Carterfurt','Falkland Islands (Malvinas)','2019-03-25 12:37:03','2016-03-15 20:13:54','2021-02-25 01:34:42'),(86,'F','1984-03-08','South Cathy','Myanmar','2018-03-19 14:49:46','2015-05-22 19:04:47','2021-02-25 01:34:42'),(87,'M','2002-03-22','Ethachester','Swaziland','2018-08-12 20:38:52','2018-01-20 15:34:47','2021-02-25 01:34:42'),(88,'M','2004-12-28','South Salmafurt','Liechtenstein','2016-03-01 18:12:22','2011-09-05 08:27:14','2021-02-25 01:34:42'),(89,'M','1991-02-25','Port Mabelle','Bouvet Island (Bouvetoya)','2020-10-06 00:44:26','2019-04-06 07:01:53','2021-02-25 01:34:42'),(90,'M','1982-04-15','North Constantinmouth','Italy','2021-01-31 06:44:32','2017-02-19 22:56:03','2021-02-25 01:34:42'),(91,'F','1983-08-23','Terrancechester','Estonia','2014-08-31 23:44:06','2012-09-10 11:18:56','2021-02-25 01:34:42'),(92,'M','1992-07-26','East Danial','Saint Lucia','2015-08-13 12:54:55','2011-07-18 15:12:58','2021-02-25 01:34:42'),(93,'M','1985-09-14','Port Berenicestad','Belize','2016-02-17 11:56:57','2012-04-20 13:00:36','2021-02-25 01:34:42'),(94,'M','1994-10-25','Francescoland','Saint Vincent and the Grenadines','2014-03-01 09:04:54','2011-08-02 06:54:17','2021-02-25 01:34:42'),(95,'M','1987-10-03','Hegmannhaven','Seychelles','2016-03-08 13:21:22','2015-06-28 06:57:27','2021-02-25 01:34:42'),(96,'F','1976-10-21','Lake Taniamouth','Dominica','2018-12-14 20:39:04','2017-12-29 17:12:06','2021-02-25 01:34:42'),(97,'F','2000-01-12','Carrollstad','Madagascar','2019-06-22 04:24:32','2011-10-25 05:17:19','2021-02-25 01:34:42'),(98,'F','1991-04-21','Mylesbury','Guinea','2018-10-09 03:55:28','2015-02-03 15:55:19','2021-02-25 01:34:42'),(99,'M','1978-10-05','Hilpertchester','Indonesia','2019-08-04 18:46:27','2019-03-25 09:39:31','2021-02-25 01:34:42'),(100,'M','1994-08-31','Waltermouth','Montserrat','2018-11-14 09:31:11','2014-10-30 14:18:40','2021-02-25 01:34:42');
/*!40000 ALTER TABLE `profiles` ENABLE KEYS */;
UNLOCK TABLES;

--
-- Table structure for table `users`
--

DROP TABLE IF EXISTS `users`;
/*!40101 SET @saved_cs_client     = @@character_set_client */;
/*!50503 SET character_set_client = utf8mb4 */;
CREATE TABLE `users` (
  `id` int unsigned NOT NULL AUTO_INCREMENT COMMENT '╨Ш╨┤╨╡╨╜╤В╨╕╤Д╨╕╨║╨░╤В╨╛╤А ╤Б╤В╤А╨╛╨║╨╕',
  `first_name` varchar(100) CHARACTER SET utf8mb4 COLLATE utf8mb4_unicode_ci NOT NULL COMMENT '╨Ш╨╝╤П ╨┐╨╛╨╗╤М╨╖╨╛╨▓╨░╤В╨╡╨╗╤П',
  `last_name` varchar(100) CHARACTER SET utf8mb4 COLLATE utf8mb4_unicode_ci NOT NULL COMMENT '╨д╨░╨╝╨╕╨╗╨╕╤П ╨┐╨╛╨╗╤М╨╖╨╛╨▓╨░╤В╨╡╨╗╤П',
  `email` varchar(100) CHARACTER SET utf8mb4 COLLATE utf8mb4_unicode_ci NOT NULL COMMENT '╨Я╨╛╤З╤В╨░',
  `phone` varchar(100) CHARACTER SET utf8mb4 COLLATE utf8mb4_unicode_ci NOT NULL COMMENT '╨в╨╡╨╗╨╡╤Д╨╛╨╜',
  `created_at` datetime DEFAULT CURRENT_TIMESTAMP COMMENT '╨Т╤А╨╡╨╝╤П ╤Б╨╛╨╖╨┤╨░╨╜╨╕╤П ╤Б╤В╤А╨╛╨║╨╕',
  `updated_at` datetime DEFAULT CURRENT_TIMESTAMP ON UPDATE CURRENT_TIMESTAMP COMMENT '╨Т╤А╨╡╨╝╤П ╨╛╨▒╨╜╨╛╨▓╨╗╨╡╨╜╨╕╤П ╤Б╤В╤А╨╛╨║╨╕',
  `username` varchar(30) COLLATE utf8mb4_unicode_ci NOT NULL COMMENT 'Имя пользователя для входа в сервис',
  PRIMARY KEY (`id`),
  UNIQUE KEY `email` (`email`),
  UNIQUE KEY `phone` (`phone`)
) ENGINE=InnoDB AUTO_INCREMENT=101 DEFAULT CHARSET=utf8mb4 COLLATE=utf8mb4_unicode_ci COMMENT='╨Я╨╛╨╗╤М╨╖╨╛╨▓╨░╤В╨╡╨╗╨╕';
/*!40101 SET character_set_client = @saved_cs_client */;

--
-- Dumping data for table `users`
--

LOCK TABLES `users` WRITE;
/*!40000 ALTER TABLE `users` DISABLE KEYS */;
INSERT INTO `users` VALUES (1,'Etha','Hermiston','hilario31@example.com','+41(9)4231376162','2011-04-03 11:49:46','2021-02-25 00:51:00','e_hermiston'),(2,'Emily','Collins','ward.coralie@example.net','107-276-9598','2019-12-31 02:37:05','2021-02-25 00:51:00','e_collins'),(3,'Gussie','Macejkovic','theron.wisoky@example.net','1-469-028-5226x886','2017-03-07 13:15:49','2021-02-25 00:51:00','g_macejkovic'),(4,'Nathan','Kulas','addie.kertzmann@example.com','1-411-534-0391','2013-12-06 06:42:18','2021-02-25 00:51:00','n_kulas'),(5,'Uriah','Schimmel','jkeebler@example.org','263-909-3686','2020-03-22 13:19:03','2021-02-25 00:51:00','u_schimmel'),(6,'Reymundo','Hackett','rupert88@example.org','1-779-510-3003x86404','2019-09-08 17:08:49','2021-02-25 00:51:00','r_hackett'),(7,'Javier','Bins','marian.krajcik@example.com','1-493-627-8437x63359','2017-02-07 03:19:59','2021-02-25 00:51:00','j_bins'),(8,'Kattie','Franecki','emard.rosanna@example.net','565.665.2111x7787','2017-10-03 11:30:52','2021-02-25 00:51:00','k_franecki'),(9,'Darren','Mueller','eino19@example.org','816.714.7949x345','2014-10-10 14:11:53','2021-02-25 00:51:00','d_mueller'),(10,'Sunny','Bogan','newell.white@example.org','1-007-392-3829','2011-09-06 20:30:59','2021-02-25 00:51:00','s_bogan'),(11,'Tyrell','Herman','leffler.lauretta@example.net','121-135-7423x204','2014-12-29 10:58:30','2021-02-25 00:51:00','t_herman'),(12,'Jimmie','Metz','moriah97@example.com','1-431-653-6174x92223','2015-09-07 23:19:33','2021-02-25 00:51:00','j_metz'),(13,'Javonte','Morar','darrel.rolfson@example.com','803.128.0932','2019-01-11 10:25:24','2021-02-25 00:51:00','j_morar'),(14,'Carissa','Upton','cormier.alisa@example.net','1-370-205-7920x115','2012-03-04 11:54:16','2021-02-25 00:51:00','c_upton'),(15,'Marta','Cole','leonel.halvorson@example.com','1-902-301-1341','2012-06-16 23:02:19','2021-02-25 00:51:00','m_cole'),(16,'Naomie','Ward','cyril.collins@example.org','02035960037','2015-02-04 20:23:49','2021-02-25 00:51:00','n_ward'),(17,'Ivy','Prosacco','catharine.bednar@example.net','1-068-124-4676','2014-01-09 01:22:33','2021-02-25 00:51:00','i_prosacco'),(18,'Lura','Gislason','alfred69@example.com','836.313.5589x96461','2019-02-19 01:02:06','2021-02-25 00:51:00','l_gislason'),(19,'Camilla','Kilback','davion80@example.net','(756)354-4717x4763','2017-08-22 23:06:15','2021-02-25 00:51:00','c_kilback'),(20,'Delbert','Emard','bboehm@example.org','1-710-679-3860x518','2013-01-29 01:52:53','2021-02-25 00:51:00','d_emard'),(21,'Annabell','Paucek','sebastian63@example.com','1-609-044-8356x1687','2015-11-04 06:08:33','2021-02-25 00:51:00','a_paucek'),(22,'Raleigh','Emmerich','ywaelchi@example.org','(710)978-7154','2014-06-06 09:23:39','2021-02-25 00:51:00','r_emmerich'),(23,'Delfina','Jones','ulises.cummerata@example.org','289.667.1446x13885','2018-08-22 00:20:56','2021-02-25 00:51:00','d_jones'),(24,'Lavinia','Beer','kschneider@example.net','498-092-8955','2014-03-01 10:19:49','2021-02-25 00:51:00','l_beer'),(25,'Delmer','Connelly','delta.quigley@example.org','1-983-279-7487x8079','2021-01-06 21:25:24','2021-02-25 00:51:00','d_connelly'),(26,'Emie','Nikolaus','jwalker@example.net','(468)112-1822x72073','2016-05-15 19:24:23','2021-02-25 00:51:00','e_nikolaus'),(27,'Irving','Harris','russel.wayne@example.com','(339)998-2795','2017-06-07 19:41:26','2021-02-25 00:51:00','i_harris'),(28,'Gordon','Brekke','quinn08@example.org','705.186.1116','2019-01-08 11:51:04','2021-02-25 00:51:00','g_brekke'),(29,'Otho','Cummings','kaia.rowe@example.com','077-073-6168','2016-10-16 15:32:44','2021-02-25 00:51:00','o_cummings'),(30,'Dayton','Hegmann','alfred12@example.com','1-176-495-8443','2012-07-29 16:54:29','2021-02-25 00:51:00','d_hegmann'),(31,'Baylee','Heathcote','winona.stanton@example.com','03565540490','2017-05-16 00:42:21','2021-02-25 00:51:00','b_heathcote'),(32,'Arielle','Goldner','volkman.carrie@example.net','1-615-879-5547x645','2018-02-09 14:02:01','2021-02-25 00:51:00','a_goldner'),(33,'Jeanne','Lemke','mueller.carleton@example.com','077-545-6369x967','2016-09-07 09:39:02','2021-02-25 00:51:00','j_lemke'),(34,'Madeline','Schuppe','keven.roob@example.net','00444661354','2020-06-04 20:14:50','2021-02-25 00:51:00','m_schuppe'),(35,'Geovanny','Langworth','lilly.ritchie@example.net','(295)719-5899','2013-11-09 00:58:33','2021-02-25 00:51:00','g_langworth'),(36,'Beth','Bailey','weldon63@example.com','054.874.6409','2013-01-11 16:45:10','2021-02-25 00:51:00','b_bailey'),(37,'Corine','Harber','albin.frami@example.com','1-273-951-8303','2013-03-02 06:51:31','2021-02-25 00:51:00','c_harber'),(38,'Adalberto','Casper','jaskolski.olen@example.net','(704)935-7329x30890','2018-03-25 18:14:26','2021-02-25 00:51:00','a_casper'),(39,'Christelle','O\'Reilly','mbode@example.org','+81(4)9186769158','2019-05-02 06:19:54','2021-02-25 00:51:00','c_o\'reilly'),(40,'Syble','Streich','zmraz@example.com','960-524-6462x95019','2012-12-15 01:17:23','2021-02-25 00:51:00','s_streich'),(41,'Merle','Hermann','runolfsdottir.durward@example.net','383-065-7432','2015-03-11 01:29:01','2021-02-25 00:51:00','m_hermann'),(42,'Davon','Beatty','jacobson.raquel@example.org','657.133.7300','2018-05-06 18:11:39','2021-02-25 00:51:00','d_beatty'),(43,'Burnice','Wuckert','barry.reinger@example.org','1-945-153-2842x7577','2016-09-29 06:43:44','2021-02-25 00:51:00','b_wuckert'),(44,'Maybelle','Dare','grimes.kellie@example.net','1-961-946-8824','2011-10-26 22:16:06','2021-02-25 00:51:00','m_dare'),(45,'Renee','Beier','weimann.tyra@example.net','1-182-815-8093x22352','2012-09-14 18:19:21','2021-02-25 00:51:00','r_beier'),(46,'Shanie','Graham','adrien72@example.com','1-338-556-6322','2019-09-30 12:06:38','2021-02-25 00:51:00','s_graham'),(47,'Marcus','Parisian','percy.bailey@example.org','(585)384-2885','2020-10-21 01:56:28','2021-02-25 00:51:00','m_parisian'),(48,'Cruz','Turcotte','geoffrey64@example.org','(268)139-7785x3353','2017-02-16 04:05:12','2021-02-25 00:51:00','c_turcotte'),(49,'Ozella','Waelchi','lucious.weissnat@example.org','1-173-479-2105','2021-01-15 18:53:52','2021-02-25 00:51:00','o_waelchi'),(50,'Cleta','Sauer','kwisozk@example.org','865.067.4951','2016-09-13 14:20:18','2021-02-25 00:51:00','c_sauer'),(51,'Lenora','Rutherford','lindsay.torp@example.net','119.836.6276','2013-06-26 19:48:40','2021-02-25 00:51:00','l_rutherford'),(52,'Myrtle','Lubowitz','liliana98@example.net','400.201.9294','2018-10-24 23:59:22','2021-02-25 00:51:00','m_lubowitz'),(53,'Katharina','Kunde','don.roberts@example.net','1-990-101-5548','2016-08-02 02:07:30','2021-02-25 00:51:00','k_kunde'),(54,'Aylin','Spencer','marie80@example.net','1-394-633-2690','2018-10-22 13:35:04','2021-02-25 00:51:00','a_spencer'),(55,'Jaylan','Wolff','taurean.waters@example.net','(719)631-6033','2011-06-13 17:34:25','2021-02-25 00:51:00','j_wolff'),(56,'Desmond','Kohler','zgaylord@example.com','(717)141-0965','2020-10-27 06:04:13','2021-02-25 00:51:00','d_kohler'),(57,'Roman','Harvey','marielle.conroy@example.net','1-385-084-0018','2012-04-03 06:27:44','2021-02-25 00:51:00','r_harvey'),(58,'Demetris','Turcotte','qrogahn@example.org','346-816-7492x0374','2013-06-06 05:29:35','2021-02-25 00:51:00','d_turcotte'),(59,'Jazmyne','Dibbert','zo\'reilly@example.net','(803)235-4221x2128','2014-08-13 05:13:21','2021-02-25 00:51:00','j_dibbert'),(60,'Marion','Renner','adan.champlin@example.org','1-226-855-3684','2018-06-11 00:50:05','2021-02-25 00:51:00','m_renner'),(61,'Mathias','Jones','romaguera.raven@example.com','860.727.8662x676','2019-06-14 14:12:25','2021-02-25 00:51:00','m_jones'),(62,'Suzanne','Bruen','rmarquardt@example.com','(151)206-2525x7450','2020-03-29 05:36:44','2021-02-25 00:51:00','s_bruen'),(63,'Vanessa','Kemmer','leuschke.frederick@example.com','1-604-388-8556x796','2015-08-10 23:12:34','2021-02-25 00:51:00','v_kemmer'),(64,'Verdie','Ebert','unique.ziemann@example.net','1-768-868-7305x727','2019-12-15 04:42:16','2021-02-25 00:51:00','v_ebert'),(65,'Kaelyn','Cronin','brody.boehm@example.net','241-640-1388','2016-03-03 13:18:26','2021-02-25 00:51:00','k_cronin'),(66,'Dessie','Von','xfriesen@example.com','1-631-472-6173x7925','2019-02-04 11:04:34','2021-02-25 00:51:00','d_von'),(67,'Danyka','Wolf','osvaldo.king@example.com','1-771-649-0146x7318','2019-09-01 04:55:04','2021-02-25 00:51:00','d_wolf'),(68,'Ella','Kemmer','powlowski.izaiah@example.net','(725)347-6385x54607','2017-10-15 04:05:17','2021-02-25 00:51:00','e_kemmer'),(69,'Isabelle','Rogahn','padberg.johann@example.net','1-006-261-4775','2016-01-15 15:32:50','2021-02-25 00:51:00','i_rogahn'),(70,'Rebeka','Monahan','emma13@example.org','1-012-626-2889x359','2013-06-11 18:26:45','2021-02-25 00:51:00','r_monahan'),(71,'Princess','Borer','will.deborah@example.org','779.221.0437x135','2020-10-20 07:26:01','2021-02-25 00:51:00','p_borer'),(72,'Mervin','Krajcik','ymarks@example.net','(662)247-8899','2018-11-17 00:15:06','2021-02-25 00:51:00','m_krajcik'),(73,'Estevan','Heaney','virginia.kreiger@example.net','+57(7)2422508858','2015-03-06 00:00:54','2021-02-25 00:51:00','e_heaney'),(74,'Timothy','Carroll','ethan86@example.net','1-992-871-3730','2011-09-10 20:43:58','2021-02-25 00:51:00','t_carroll'),(75,'Olga','Borer','turcotte.macie@example.net','852-652-3590','2011-09-22 18:37:03','2021-02-25 00:51:00','o_borer'),(76,'Lee','Kohler','fahey.sarah@example.com','(874)404-6866x73327','2014-07-19 03:20:53','2021-02-25 00:51:00','l_kohler'),(77,'Maryjane','Cummerata','bryon86@example.org','510.882.1642x23139','2020-02-09 18:53:30','2021-02-25 00:51:00','m_cummerata'),(78,'Tremaine','Anderson','philip09@example.org','378.138.0167','2019-09-05 03:45:23','2021-02-25 00:51:00','t_anderson'),(79,'Tito','Ruecker','dhilll@example.net','+00(5)1126905632','2019-05-05 07:46:41','2021-02-25 00:51:00','t_ruecker'),(80,'Walton','Hamill','jeromy60@example.org','256-505-8776','2019-07-14 02:30:35','2021-02-25 00:51:00','w_hamill'),(81,'Petra','Bailey','co\'keefe@example.com','(868)727-3727','2016-07-04 23:06:37','2021-02-25 00:51:00','p_bailey'),(82,'Jaida','Bernhard','jimmie.simonis@example.com','528-253-5739x9569','2015-01-15 17:32:33','2021-02-25 00:51:00','j_bernhard'),(83,'Carey','Vandervort','zechariah.lindgren@example.org','874-952-7269','2019-04-03 03:08:13','2021-02-25 00:51:00','c_vandervort'),(84,'Adrien','Kshlerin','juston91@example.com','691-437-5107','2019-03-03 07:27:24','2021-02-25 00:51:00','a_kshlerin'),(85,'Catalina','Will','kasandra.kerluke@example.com','(049)007-2257','2017-06-04 14:42:27','2021-02-25 00:51:00','c_will'),(86,'Green','Bednar','schneider.skye@example.com','364-915-5908x35673','2019-05-11 12:26:50','2021-02-25 00:51:00','g_bednar'),(87,'Reagan','Wolff','shanna.green@example.org','353.068.3957x53870','2014-03-26 01:06:14','2021-02-25 00:51:00','r_wolff'),(88,'Emmet','Grimes','kristina.predovic@example.org','997-517-6600','2014-08-05 16:57:11','2021-02-25 00:51:00','e_grimes'),(89,'Zena','Abernathy','nwolff@example.com','944-875-1419x2719','2014-09-26 21:24:42','2021-02-25 00:51:00','z_abernathy'),(90,'Eloise','Stokes','verona44@example.net','(223)228-3912','2017-08-04 08:52:52','2021-02-25 00:51:00','e_stokes'),(91,'Frederique','Weissnat','xbeatty@example.org','07513201405','2015-01-11 06:35:07','2021-02-25 00:51:00','f_weissnat'),(92,'Hope','Bogan','zhowell@example.com','(123)787-1815x7131','2016-09-26 19:08:39','2021-02-25 00:51:00','h_bogan'),(93,'Tiana','Upton','nolan.meredith@example.com','308.731.5005x065','2017-10-26 03:32:39','2021-02-25 00:51:00','t_upton'),(94,'Maxine','Lesch','magali.daniel@example.org','939.109.4841x96164','2011-12-25 03:40:28','2021-02-25 00:51:00','m_lesch'),(95,'Prudence','Gaylord','graham.katharina@example.org','(750)199-8808x2576','2011-12-02 01:27:01','2021-02-25 00:51:00','p_gaylord'),(96,'Einar','Jerde','buckridge.brooklyn@example.org','1-628-856-7496x156','2012-07-15 02:53:21','2021-02-25 00:51:00','e_jerde'),(97,'Tomasa','Fay','lockman.xavier@example.com','334.730.4452x118','2017-05-27 18:52:30','2021-02-25 00:51:00','t_fay'),(98,'Brendon','Lang','melisa95@example.net','192-312-1508x1928','2019-10-10 20:46:30','2021-02-25 00:51:00','b_lang'),(99,'Chelsie','Tremblay','pierce43@example.net','(504)059-1554x6946','2018-03-01 01:16:22','2021-02-25 00:51:00','c_tremblay'),(100,'Ward','Keebler','garrick.bartoletti@example.net','+82(1)1857324111','2011-03-25 04:24:40','2021-02-25 00:51:00','w_keebler');
/*!40000 ALTER TABLE `users` ENABLE KEYS */;
UNLOCK TABLES;
/*!40103 SET TIME_ZONE=@OLD_TIME_ZONE */;

/*!40101 SET SQL_MODE=@OLD_SQL_MODE */;
/*!40014 SET FOREIGN_KEY_CHECKS=@OLD_FOREIGN_KEY_CHECKS */;
/*!40014 SET UNIQUE_CHECKS=@OLD_UNIQUE_CHECKS */;
/*!40101 SET CHARACTER_SET_CLIENT=@OLD_CHARACTER_SET_CLIENT */;
/*!40101 SET CHARACTER_SET_RESULTS=@OLD_CHARACTER_SET_RESULTS */;
/*!40101 SET COLLATION_CONNECTION=@OLD_COLLATION_CONNECTION */;
/*!40111 SET SQL_NOTES=@OLD_SQL_NOTES */;

-- Dump completed on 2021-02-25 13:33:55
